<theme>
<formatVersion>3</formatVersion>
<include>./../theme.xml</include>

<!-- Sega Dreamcast - 6th gen, September 9th 1999 -->
<!-- Normal: ed8432 -->
<!-- Light : f7c7a3 -->
<!-- Dark  : 7c3b0c -->

<view name="system, basic, detailed">
	
	<image name="logo">
		<path>./logo.svg</path>
	</image>
	
	<helpsystem name="help">
		<textColor>7c3b0c</textColor>
		<iconColor>7c3b0c</iconColor>
	</helpsystem>
	
</view>

<view name="system">
	
	<image name="background" extra="true">
		<path>./bg.jpg</path>
	</image>
	
	<image name="gc" extra="true">
		<path>./gc.png</path>
	</image>
	
	<text name="year" extra="true">
		<color>f7c7a3</color>
		<text>6th gen, September 9th 1999</text>
	</text>
	
</view>

<view name="basic, detailed">
	
	<image name="background">
		<color>ed8432</color>
	</image>
	
	<text name="md_lbl_rating, md_lbl_releasedate, md_lbl_developer, md_lbl_publisher, md_lbl_genre, md_lbl_players, md_lbl_lastplayed, md_lbl_playcount, md_developer, md_publisher, md_genre, md_players, md_playcount, md_description">
		<color>f7c7a3</color>
	</text>
	
	<text name="md_developer, md_publisher, md_genre, md_players, md_playcount">
		<color>f7c7a3</color>
	</text>
		<rating name="md_rating">
		<filledPath>./star_filled.svg</filledPath>
		<unfilledPath>./star_unfilled.svg</unfilledPath>
	</rating>
	
	<datetime name="md_releasedate, md_lastplayed">
		<color>f7c7a3</color>
	</datetime>
	
	<textlist name="gamelist">
		<selectorColor>f7c7a3</selectorColor>
		<selectedColor>000000</selectedColor>
		<primaryColor>f7c7a3</primaryColor>
		<secondaryColor>f7c7a3</secondaryColor>
	</textlist>
	
</view>

<view name="basic">
	
</view>

<view name="detailed">
	
	<image name="npi" extra="true">
		<color>f7c7a3cc</color>
	</image>
	
</view>
	
</theme>