<theme>
<formatVersion>3</formatVersion>
<include>./../theme.xml</include>

<!-- Super Nintendo Entertainment System - 4th gen, August 13th 1991 -->
<!-- Normal: 5f56a2 -->
<!-- Light : 938dc1 -->
<!-- Dark  : 2c2848 -->

<view name="system, basic, detailed">
	
	<image name="logo">
		<path>./logo.svg</path>
	</image>
	
	<helpsystem name="help">
		<textColor>2c2848</textColor>
		<iconColor>2c2848</iconColor>
	</helpsystem>
	
</view>

<view name="system">
	
	<image name="background" extra="true">
		<path>./bg.jpg</path>
	</image>
	
	<image name="gc" extra="true">
		<path>./gc.png</path>
	</image>
	
	<text name="year" extra="true">
		<color>938dc1</color>
		<text>4th gen, August 13th 1991</text>
	</text>
	
</view>

<view name="basic, detailed">
	
	<image name="background">
		<color>5f56a2</color>
	</image>
	
	<text name="md_lbl_rating, md_lbl_releasedate, md_lbl_developer, md_lbl_publisher, md_lbl_genre, md_lbl_players, md_lbl_lastplayed, md_lbl_playcount, md_developer, md_publisher, md_genre, md_players, md_playcount, md_description">
		<color>938dc1</color>
	</text>
		<rating name="md_rating">
		<filledPath>./star_filled.svg</filledPath>
		<unfilledPath>./star_unfilled.svg</unfilledPath>
	</rating>
	
	<datetime name="md_releasedate, md_lastplayed">
		<color>938dc1</color>
	</datetime>
	
	<textlist name="gamelist">
		<selectorColor>938dc1</selectorColor>
		<selectedColor>000000</selectedColor>
		<primaryColor>938dc1</primaryColor>
		<secondaryColor>938dc1</secondaryColor>
	</textlist>
	
</view>

<view name="basic">
	
</view>

<view name="detailed">
	
	<image name="npi" extra="true">
		<color>938dc1cc</color>
	</image>
	
</view>
	
</theme>