<theme>
<formatVersion>3</formatVersion>
<include>./../theme.xml</include>

<!-- Sega Game Gear - 4th gen, April 26th 1991 -->
<!-- Normal: 0099ff -->
<!-- Light : b9e2ff -->
<!-- Dark  : 006bb6 -->

<view name="system, basic, detailed">
	
	<image name="logo">
		<path>./logo.svg</path>
	</image>
	
	<helpsystem name="help">
		<textColor>006bb6</textColor>
		<iconColor>006bb6</iconColor>
	</helpsystem>
	
</view>

<view name="system">
	
	<image name="background" extra="true">
		<path>./bg.jpg</path>
	</image>
	
	<image name="gc" extra="true">
		<path>./gc.png</path>
	</image>
	
	<text name="year" extra="true">
		<color>b9e2ff</color>
		<text>4th gen, April 26th 1991</text>
	</text>
	
</view>

<view name="basic, detailed">
	
	<image name="background">
		<color>0099ff</color>
	</image>
	
	<text name="md_lbl_rating, md_lbl_releasedate, md_lbl_developer, md_lbl_publisher, md_lbl_genre, md_lbl_players, md_lbl_lastplayed, md_lbl_playcount, md_developer, md_publisher, md_genre, md_players, md_playcount, md_description">
		<color>b9e2ff</color>
	</text>
		<rating name="md_rating">
		<filledPath>./star_filled.svg</filledPath>
		<unfilledPath>./star_unfilled.svg</unfilledPath>
	</rating>
	
	<datetime name="md_releasedate, md_lastplayed">
		<color>b9e2ff</color>
	</datetime>
	
	<textlist name="gamelist">
		<selectorColor>b9e2ff</selectorColor>
		<selectedColor>000000</selectedColor>
		<primaryColor>b9e2ff</primaryColor>
		<secondaryColor>b9e2ff</secondaryColor>
	</textlist>
	
</view>

<view name="basic">
	
</view>

<view name="detailed">
	
	<image name="npi" extra="true">
		<color>b9e2ffcc</color>
	</image>
	
</view>
	
</theme>