<theme>
	<formatVersion>4</formatVersion>
	<include>./../theme.xml</include>

<view name="system">
 <image name="background_color" extra="true">
  <path>./SLBG.jpg</path>
  <origin>0 0</origin>
  <pos>0 0</pos>
  <size>1 1</size>
 </image>
</view>

<view name="system, basic, detailed, grid, video">
 <image name="logo">
  <path>./../_art/logo.png</path>
 </image>
</view>

<view name="basic, detailed, grid, video">
 <image name="background_color" extra="true">
  <path>./GMBG.jpg</path>
  <origin>0 0</origin>
  <pos>0 0</pos>
  <size>1 1</size>
 </image>
</view>

</theme>
