<theme>
<formatVersion>3</formatVersion>
<include>./../theme.xml</include>

<!-- Sony PlayStation - 5th gen, September 9th 1995 -->
<!-- Normal: 23b6a4 -->
<!-- Light : 49dbc8 -->
<!-- Dark  : 166e63 -->

<view name="system, basic, detailed">
	
	<image name="logo">
		<path>./logo.svg</path>
	</image>
	
	<helpsystem name="help">
		<textColor>166e63</textColor>
		<iconColor>166e63</iconColor>
	</helpsystem>
	
</view>

<view name="system">
	
	<image name="background" extra="true">
		<path>./bg.jpg</path>
	</image>
	
	<image name="gc" extra="true">
		<path>./gc.png</path>
	</image>
	
	<text name="year" extra="true">
		<color>49dbc8</color>
		<text>5th gen, September 9th 1995</text>
	</text>
	
</view>

<view name="basic, detailed">
	
	<image name="background">
		<color>23b6a4</color>
	</image>
	
	<text name="md_lbl_rating, md_lbl_releasedate, md_lbl_developer, md_lbl_publisher, md_lbl_genre, md_lbl_players, md_lbl_lastplayed, md_lbl_playcount, md_developer, md_publisher, md_genre, md_players, md_playcount, md_description">
		<color>49dbc8</color>
	</text>
		<rating name="md_rating">
		<filledPath>./star_filled.svg</filledPath>
		<unfilledPath>./star_unfilled.svg</unfilledPath>
	</rating>
	
	<datetime name="md_releasedate, md_lastplayed">
		<color>49dbc8</color>
	</datetime>
	
	<textlist name="gamelist">
		<selectorColor>49dbc8</selectorColor>
		<selectedColor>000000</selectedColor>
		<primaryColor>49dbc8</primaryColor>
		<secondaryColor>49dbc8</secondaryColor>
	</textlist>
	
</view>

<view name="basic">
	
</view>

<view name="detailed">
	
	<image name="npi" extra="true">
		<color>49dbc8cc</color>
	</image>
	
</view>
	
</theme>