<theme>
<formatVersion>3</formatVersion>
<include>./../theme.xml</include>

<!-- Mattel Intellivision - 2nd gen, 1979 -->
<!-- Normal: fd7f42 -->
<!-- Light : ffcab3 -->
<!-- Dark  : 7c2402 -->

<view name="system, basic, detailed">
	
	<image name="logo">
		<path>./logo.svg</path>
	</image>
	
	<helpsystem name="help">
		<textColor>7c2402</textColor>
		<iconColor>7c2402</iconColor>
	</helpsystem>
	
</view>

<view name="system">
	
	<image name="background" extra="true">
		<path>./bg.jpg</path>
	</image>
	
	<image name="gc" extra="true">
		<path>./gc.png</path>
	</image>
	
	<text name="year" extra="true">
		<color>ffcab3</color>
		<text>2nd gen, 1979</text>
	</text>
	
</view>

<view name="basic, detailed">
	
	<image name="background">
		<color>fd7f42</color>
	</image>
	
	<text name="md_lbl_rating, md_lbl_releasedate, md_lbl_developer, md_lbl_publisher, md_lbl_genre, md_lbl_players, md_lbl_lastplayed, md_lbl_playcount, md_developer, md_publisher, md_genre, md_players, md_playcount, md_description">
		<color>ffcab3</color>
	</text>
		<rating name="md_rating">
		<filledPath>./star_filled.svg</filledPath>
		<unfilledPath>./star_unfilled.svg</unfilledPath>
	</rating>
	
	<datetime name="md_releasedate, md_lastplayed">
		<color>ffcab3</color>
	</datetime>
	
	<textlist name="gamelist">
		<selectorColor>ffcab3</selectorColor>
		<selectedColor>000000</selectedColor>
		<primaryColor>ffcab3</primaryColor>
		<secondaryColor>ffcab3</secondaryColor>
	</textlist>
	
</view>

<view name="basic">
	
</view>

<view name="detailed">
	
	<image name="npi" extra="true">
		<color>ffcab3cc</color>
	</image>
	
</view>
	
</theme>