<theme>
	<formatVersion>4</formatVersion>
	<include>./../theme.xml</include>

	<view name="system">
		<image name="logo">
			<path>./system.png</path>
		</image>
	</view>	
	
  	<view name="detailed, video">
                <image name="system" extra="true">
                   <origin>0.5 0.5</origin>
                   <pos>0.75 0.138</pos>
                   <maxSize>0.4 0.14</maxSize>
                   <path>./system.png</path>
                   <zIndex>3</zIndex>            
                </image>
	</view>	
  	<view name="basic">
                <image name="system" extra="true">
                   <origin>0.5 0</origin>
                   <pos>0.5 0.02</pos>
                   <maxSize>1 .12</maxSize>
                   <path>./system.png</path>
                   <zIndex>3</zIndex>            
                </image>
	</view>		
</theme>
