<theme>
<formatVersion>3</formatVersion>
<include>./../theme.xml</include>

<!-- Atari 2600 - 2nd gen, September 11th 1977 -->
<!-- Normal: b43a79 -->
<!-- Light : d57daf -->
<!-- Dark  : 541c3a -->

<view name="system, basic, detailed">
	
	<image name="logo">
		<path>./logo.svg</path>
	</image>
	
	<helpsystem name="help">
		<textColor>541c3a</textColor>
		<iconColor>541c3a</iconColor>
	</helpsystem>
	
</view>

<view name="system">
	
	<image name="background" extra="true">
		<path>./bg.jpg</path>
	</image>
	
	<image name="gc" extra="true">
		<path>./gc.png</path>
	</image>
	
	<text name="year" extra="true">
		<color>d57daf</color>
		<text>2nd gen, September 11th 1977</text>
	</text>
	
</view>

<view name="basic, detailed">
	
	<image name="background">
		<color>b43a79</color>
	</image>
	
	<text name="md_lbl_rating, md_lbl_releasedate, md_lbl_developer, md_lbl_publisher, md_lbl_genre, md_lbl_players, md_lbl_lastplayed, md_lbl_playcount, md_developer, md_publisher, md_genre, md_players, md_playcount, md_description">
		<color>d57daf</color>
	</text>
		<rating name="md_rating">
		<filledPath>./star_filled.svg</filledPath>
		<unfilledPath>./star_unfilled.svg</unfilledPath>
	</rating>
	
	<datetime name="md_releasedate, md_lastplayed">
		<color>d57daf</color>
	</datetime>
	
	<textlist name="gamelist">
		<selectorColor>d57daf</selectorColor>
		<selectedColor>000000</selectedColor>
		<primaryColor>d57daf</primaryColor>
		<secondaryColor>d57daf</secondaryColor>
	</textlist>
	
</view>

<view name="basic">
	
</view>

<view name="detailed">
	
	<image name="npi" extra="true">
		<color>d57dafcc</color>
	</image>
	
</view>
	
</theme>