<theme>
<formatVersion>3</formatVersion>
<include>./../theme.xml</include>

<!-- Atari Lynx - 4th gen, October 11th 1989 -->
<!-- Normal: ffca06 -->
<!-- Light : ffe9b3 -->
<!-- Dark  : 604600 -->

<view name="system, basic, detailed">
	
	<image name="logo">
		<path>./logo.svg</path>
	</image>
	
	<helpsystem name="help">
		<textColor>604600</textColor>
		<iconColor>604600</iconColor>
	</helpsystem>
	
</view>

<view name="system">
	
	<image name="background" extra="true">
		<path>./bg.jpg</path>
	</image>
	
	<image name="gc" extra="true">
		<path>./gc.png</path>
	</image>
	
	<text name="year" extra="true">
		<color>ffe9b3</color>
		<text>4th gen, October 11th 1989</text>
	</text>
	
</view>

<view name="basic, detailed">
	
	<image name="background">
		<color>ffca06</color>
	</image>
	
	<text name="md_lbl_rating, md_lbl_releasedate, md_lbl_developer, md_lbl_publisher, md_lbl_genre, md_lbl_players, md_lbl_lastplayed, md_lbl_playcount, md_developer, md_publisher, md_genre, md_players, md_playcount, md_description">
		<color>ffe9b3</color>
	</text>
		<rating name="md_rating">
		<filledPath>./star_filled.svg</filledPath>
		<unfilledPath>./star_unfilled.svg</unfilledPath>
	</rating>
	
	<datetime name="md_releasedate, md_lastplayed">
		<color>ffe9b3</color>
	</datetime>
	
	<textlist name="gamelist">
		<selectorColor>ffe9b3</selectorColor>
		<selectedColor>000000</selectedColor>
		<primaryColor>ffe9b3</primaryColor>
		<secondaryColor>ffe9b3</secondaryColor>
	</textlist>
	
</view>

<view name="basic">
	
</view>

<view name="detailed">
	
	<image name="npi" extra="true">
		<color>ffe9b3cc</color>
	</image>
	
</view>
	
</theme>