<theme>
<formatVersion>3</formatVersion>
<include>./../theme.xml</include>

<!-- Sega Genesis 32X - 5th gen, November 21th 1994 -->
<!-- Normal: efe10f -->
<!-- Light : fbf5b7,fdf9d9 -->
<!-- Dark  : 897e09 -->

<view name="system, basic, detailed">
	
	<image name="logo">
		<path>./logo.svg</path>
	</image>
	
	<helpsystem name="help">
		<textColor>897e09</textColor>
		<iconColor>897e09</iconColor>
	</helpsystem>
	
</view>

<view name="system">
	
	<image name="background" extra="true">
		<path>./bg.jpg</path>
	</image>
	
	<image name="gc" extra="true">
		<path>./gc.png</path>
	</image>
	
	<text name="year" extra="true">
		<color>fdf9d9</color>
		<text>5th gen, November 21th 1994</text>
	</text>
	
</view>

<view name="basic, detailed">
	
	<image name="background">
		<color>efe10f</color>
	</image>
	
	<text name="md_lbl_rating, md_lbl_releasedate, md_lbl_developer, md_lbl_publisher, md_lbl_genre, md_lbl_players, md_lbl_lastplayed, md_lbl_playcount, md_developer, md_publisher, md_genre, md_players, md_playcount, md_description">
		<color>fdf9d9</color>
	</text>
		<rating name="md_rating">
		<filledPath>./star_filled.svg</filledPath>
		<unfilledPath>./star_unfilled.svg</unfilledPath>
	</rating>
	
	<datetime name="md_releasedate, md_lastplayed">
		<color>fdf9d9</color>
	</datetime>
	
	<textlist name="gamelist">
		<selectorColor>fdf9d9</selectorColor>
		<selectedColor>000000</selectedColor>
		<primaryColor>fdf9d9</primaryColor>
		<secondaryColor>fdf9d9</secondaryColor>
	</textlist>
	
</view>

<view name="basic">
	
</view>

<view name="detailed">
	
	<image name="npi" extra="true">
		<color>fdf9d9cc</color>
	</image>
	
</view>
	
</theme>