<theme>
<formatVersion>4</formatVersion>
<include>./../theme.xml</include>

<view name="basic, detailed, video, grid">
    <text name="nameLabel" extra="true">
    <text>Intellivision</text>
  </text>
</view>    

<view name="system">
  <text name="sys_line2" extra="true">
    <text>Intellivision</text>
    <fontSize>0.18</fontSize>
    <origin>0 0</origin>
    <pos>0.12 0.130</pos>
    <size>0 0</size>
  </text>    
  <text name="shortdescription" extra="true">
   <text>1980  ·  8-bit Console</text>
  </text>
  <text name="longdescription" extra="true">
   <text>The Intellivision is a home video game console released by Mattel Electronics, and was in direct competition with the Atari 2600</text>
  </text>
 </view>
</theme>
