<theme>
<formatVersion>3</formatVersion>
<include>./../theme.xml</include>

<!-- Multiple Arcade Machine Emulator -->
<!-- Normal: 4696c8 -->
<!-- Light : 9ec8e2 -->
<!-- Dark  : 204c68 -->

<view name="system, basic, detailed">
	
	<image name="logo">
		<path>./logo.svg</path>
	</image>
	
	<helpsystem name="help">
		<textColor>204c68</textColor>
		<iconColor>204c68</iconColor>
	</helpsystem>
	
</view>

<view name="system">
	
	<image name="background" extra="true">
		<path>./bg.jpg</path>
	</image>
	
	<image name="gc" extra="true">
		<path>./gc.png</path>
	</image>
	
	<text name="year" extra="true">
		<color>9ec8e2</color>
		<text></text>
	</text>
	
</view>

<view name="basic, detailed">
	
	<image name="background">
		<color>4696c8</color>
	</image>
	
	<text name="md_lbl_rating, md_lbl_releasedate, md_lbl_developer, md_lbl_publisher, md_lbl_genre, md_lbl_players, md_lbl_lastplayed, md_lbl_playcount, md_developer, md_publisher, md_genre, md_players, md_playcount, md_description">
		<color>9ec8e2</color>
	</text>
		<rating name="md_rating">
		<filledPath>./star_filled.svg</filledPath>
		<unfilledPath>./star_unfilled.svg</unfilledPath>
	</rating>
	
	<datetime name="md_releasedate, md_lastplayed">
		<color>9ec8e2</color>
	</datetime>
	
	<textlist name="gamelist">
		<selectorColor>9ec8e2</selectorColor>
		<selectedColor>000000</selectedColor>
		<primaryColor>9ec8e2</primaryColor>
		<secondaryColor>9ec8e2</secondaryColor>
	</textlist>
	
</view>

<view name="basic">
	
</view>

<view name="detailed">
	
	<image name="npi" extra="true">
		<color>9ec8e2cc</color>
	</image>
	
</view>
	
</theme>