<?xml version="1.0" encoding="UTF-8"?>
<!--
theme name:		Fundamental (retropie)
version:		2.0
author:			Grila
-->

<theme>
	<formatVersion>4</formatVersion>
	<include>./../fundamental.xml</include>
	
	<view name="system, basic, detailed, grid, video">
		<image name="logo">
			<path>./logo.png</path>
		</image>
	</view>
	
	<feature supported="carousel">
		<view name="system">	
			<image name="console" extra="true">
				<path>./console.png</path>
			</image>
	
			<text name="console_notes" extra="true">
				<text>RetroPie allows you to turn your Raspberry Pi, ODroid C1/C2, or PC into a retro-gaming machine. It builds upon Raspbian, EmulationStation, RetroArch and many other projects to enable you to play your favourite Arcade, home-console, and classic PC games with the minimum set-up. For power users it also provides a large variety of configuration tools to customise the system as you want.</text>
			</text>
		
			<text name="release_date" extra="true">
				<text>Release Date: July 22, 2012</text>
			</text>
			
			<text name="developer" extra="true">
				<text>Developer: Varies</text>
			</text>
			
			<text name="cpu" extra="true">
				<text>CPU: Varies</text>
			</text>
			
			<text name="memory" extra="true">
				<text>Memory: Varies</text>
			</text>
			
			<text name="graphics" extra="true">
				<text>Graphics: Varies</text>
			</text>
			
			<text name="sound" extra="true">
				<text>Sound: Varies</text>
			</text>
			
			<text name="media" extra="true">
				<text>Media: Varies</text>
			</text>
		</view>
	</feature>
	
</theme>