<theme>

    <formatVersion>3</formatVersion>

	<view name="basic, detailed, video, system">
	
		<image name="bg_color" extra="true">
			<path>./colors/color4.png</path>
			<size>1 0.7407407407407407</size>
			<origin>0.5 0.5</origin>
			<pos>0.5 0.5</pos>
			<color>ffffff</color>
			<zIndex>-201</zIndex>
		</image>		
		
		<image name="bg_overlay" extra="true">
			<path>./bg_tron${region}/${system.theme}.png</path>
			<size>1 0.7407407407407407</size>
			<origin>0.5 0.5</origin>
			<pos>0.5 0.5</pos>
			<color>63007fc0</color>
			<zIndex>-200</zIndex>
		</image>

		<text name="publisher_label, developer_label, genre_label, rating_label, played_label" extra="true">
			<color>00d4aa</color>
		</text>		
		
		<datetime name="md_releasedate">
			<color>00d4aa</color>
		</datetime>	
		
		<textlist name="gamelist">
			<selectorColor>00d4aa</selectorColor>
			<selectedColor>7cec1c</selectedColor>
			<primaryColor>ffffff9a</primaryColor>
			<secondaryColor>00d4aa</secondaryColor>
		</textlist>		
		
		
	</view>
		
	
</theme>