<theme>
<formatVersion>4</formatVersion>
<include>./../theme.xml</include>

<view name="basic, detailed, video, grid">
  <text name="nameLabel" extra="true">
    <text>Sega SG-1000</text>
  </text>
</view>    

<view name="system">
  <text name="sys_line1" extra="true">
    <text>Sega</text>
    <fontSize>0.048</fontSize>
    <origin>0 0</origin>
    <pos>0.12 0.142</pos>
    <size>0 0</size>
  </text>
  <text name="sys_line2" extra="true">
    <text>SG-1000</text>
    <fontSize>0.18</fontSize>
    <origin>0 0</origin>
    <pos>0.12 0.16</pos>
    <size>0 0</size>
</text>
  <text name="shortdescription" extra="true">
   <text>1983  ·  8-bit Console</text>
  </text>
  <text name="longdescription" extra="true">
   <text>Sega's first entry into the home video game hardware business provided the basis for the more successful Master System.</text>
  </text>
 </view>
</theme>
