<theme>
<formatVersion>3</formatVersion>
<include>./../theme.xml</include>

<!-- SNK Neo Geo Pocket - 5th gen, October 28th 1998 -->
<!-- Normal: 00aa4f -->
<!-- Light : 9fffca -->
<!-- Dark  : 006a2f -->

<view name="system, basic, detailed">
	
	<image name="logo">
		<path>./logo.svg</path>
	</image>
	
	<helpsystem name="help">
		<textColor>006a2f</textColor>
		<iconColor>006a2f</iconColor>
	</helpsystem>
	
</view>

<view name="system">
	
	<image name="background" extra="true">
		<path>./bg.jpg</path>
	</image>
	
	<image name="gc" extra="true">
		<path>./gc.png</path>
	</image>
	
	<text name="year" extra="true">
		<color>9fffca</color>
		<text>5th gen, October 28th 1998</text>
	</text>
	
</view>

<view name="basic, detailed">
	
	<image name="background">
		<color>00aa4f</color>
	</image>
	
	<text name="md_lbl_rating, md_lbl_releasedate, md_lbl_developer, md_lbl_publisher, md_lbl_genre, md_lbl_players, md_lbl_lastplayed, md_lbl_playcount, md_developer, md_publisher, md_genre, md_players, md_playcount, md_description">
		<color>9fffca</color>
	</text>
		<rating name="md_rating">
		<filledPath>./star_filled.svg</filledPath>
		<unfilledPath>./star_unfilled.svg</unfilledPath>
	</rating>
	
	<datetime name="md_releasedate, md_lastplayed">
		<color>9fffca</color>
	</datetime>
	
	<textlist name="gamelist">
		<selectorColor>9fffca</selectorColor>
		<selectedColor>000000</selectedColor>
		<primaryColor>9fffca</primaryColor>
		<secondaryColor>9fffca</secondaryColor>
	</textlist>
	
</view>

<view name="basic">
	
</view>

<view name="detailed">
	
	<image name="npi" extra="true">
		<color>9fffcacc</color>
	</image>
	
</view>
	
</theme>