<theme>
<formatVersion>4</formatVersion>
<include>./../theme.xml</include>

<view name="basic, detailed, video, grid">
  <text name="nameLabel" extra="true">
    <text>Neo Geo Pocket</text>
  </text>
</view>    

<view name="system">
  <text name="sys_line1" extra="true">
    <text>Neo Geo</text>
    <fontSize>0.048</fontSize>
    <origin>0 0</origin>
    <pos>0.12 0.142</pos>
    <size>0 0</size>
  </text>
  <text name="sys_line2" extra="true">
    <text>Pocket</text>
    <fontSize>0.18</fontSize>
    <origin>0 0</origin>
    <pos>0.12 0.16</pos>
    <size>0 0</size>
</text>
  <text name="shortdescription" extra="true">
   <text>1998  ·  16-bit Handheld Console</text>
  </text>
  <text name="longdescription" extra="true">
   <text>Monochrome handheld game console released by SNK. It was the company's first handheld system and is part of the Neo Geo family</text>
  </text>
 </view>
</theme>
