<theme>
<formatVersion>4</formatVersion>
<include>./../theme.xml</include>

<view name="basic, detailed, video, grid">
    <text name="nameLabel" extra="true">
    <text>Power</text>
  </text>
    <text name="systemInfo">
   <text>Configuration</text>
  </text>
</view>    

<view name="system">
  <text name="sys_line2" extra="true">
    <text>Power</text>
    <fontSize>0.18</fontSize>
    <origin>0 0</origin>
    <pos>0.12 0.130</pos>
    <size>0 0</size>
  </text> 
  <text name="shortdescription" extra="true">
   <text>Shut Down Menu</text>
  </text>
  <text name="longdescription" extra="true">
   <text>Safe option to Shut down or restart your System</text>
  </text>
  <text name="systemInfo">
   <text>Configuration</text>
  </text>
 </view>
</theme>
