<?xml version="1.0" encoding="UTF-8"?>
<!--
theme name:		Fundamental (nes)
version:		2.0
author:			Grila
-->

<theme>
	<formatVersion>4</formatVersion>
	<include>./../fundamental.xml</include>
	
	<view name="system, basic, detailed, grid, video">
		<image name="logo">
			<path>./logo.png</path>
		</image>
	</view>
	
	<feature supported="carousel">
		<view name="system">	
			<image name="console" extra="true">
				<path>./console.png</path>
			</image>
	
			<text name="console_notes" extra="true">
				<text>The Nintendo Entertainment System is an 8-bit video game console that was released by Nintendo in North America during 1985, in Europe during 1986 and Australia in 1987. In most of Asia, including Japan (where it was first launched in 1983), China, Vietnam, Singapore, the Middle East and Hong Kong, it was released as the Family Computer, commonly shortened as either the romanized contraction Famicom, or abbreviated to FC. In South Korea, it was known as the Hyundai Comboy, and was distributed by Hynix which then was known as Hyundai Electronics.</text>
			</text>
		
			<text name="release_date" extra="true">
				<text>Release Date: October 18, 1985</text>
			</text>
			
			<text name="developer" extra="true">
				<text>Developer: Nintendo</text>
			</text>
			
			<text name="cpu" extra="true">
				<text>CPU: Ricoh 2A03 (NTSC) or Ricoh 2A07 (PAL)</text>
			</text>
			
			<text name="memory" extra="true">
				<text>Memory: 2 KB RAM plus 2 KB video RAM</text>
			</text>
			
			<text name="graphics" extra="true">
				<text>Graphics: RP2C02 (NTSC) or RP2C07 (PAL) PPU</text>
			</text>
			
			<text name="sound" extra="true">
				<text>Sound: PSG 5 channel mono</text>
			</text>
			
			<text name="media" extra="true">
				<text>Media: Cartridge</text>
			</text>
		</view>
	</feature>
	
</theme>