<theme>
<formatVersion>4</formatVersion>
<include>./../theme.xml</include>

<view name="basic, detailed, video, grid">
  <text name="nameLabel" extra="true">
    <text>Super Nintendo</text>
  </text>
</view>    

<view name="system">
  <text name="sys_line1" extra="true">
    <text>Super</text>
    <fontSize>0.048</fontSize>
    <origin>0 0</origin>
    <pos>0.12 0.142</pos>
    <size>0 0</size>
  </text>
  <text name="sys_line2" extra="true">
    <text>Nintendo</text>
    <fontSize>0.18</fontSize>
    <origin>0 0</origin>
    <pos>0.12 0.16</pos>
    <size>0 0</size>
</text>
  <text name="shortdescription" extra="true">
   <text>1990  ·  16-bit Console</text>
  </text>
  <text name="longdescription" extra="true">
   <text>Nintendo's second home console introduced advanced graphics and sound capabilities compared with other systems at the time</text>
  </text>
 </view>
</theme>
