<theme>
<formatVersion>4</formatVersion>
<include>./../theme.xml</include>

<view name="basic, detailed, video, grid">
    <text name="nameLabel" extra="true">
    <text>Nintendo 64</text>
  </text>
</view>    

<view name="system">
  <text name="sys_line2" extra="true">
    <text>Nintendo 64</text>
    <fontSize>0.18</fontSize>
    <origin>0 0</origin>
    <pos>0.12 0.130</pos>
    <size>0 0</size>
  </text> 
  <text name="shortdescription" extra="true">
   <text>1996  ·  64-bit Console</text>
  </text>
  <text name="longdescription" extra="true">
   <text>The N64 was the last major home console to use the cartridge as its primary storage format until Nintendo's seventh console, the Nintendo Switch</text>
  </text>
 </view>
</theme>
