<theme>
<formatVersion>4</formatVersion>
<include>./../theme.xml</include>

<view name="basic, detailed, video, grid">
  <text name="nameLabel" extra="true">
    <text>Nintendo GameCube</text>
  </text>
</view>    

<view name="system">
  <text name="sys_line1" extra="true">
    <text>Nintendo</text>
    <fontSize>0.048</fontSize>
    <origin>0 0</origin>
    <pos>0.12 0.142</pos>
    <size>0 0</size>
  </text>
  <text name="sys_line2" extra="true">
    <text>GameCube</text>
    <fontSize>0.18</fontSize>
    <origin>0 0</origin>
    <pos>0.12 0.16</pos>
    <size>0 0</size>
</text>
  <text name="shortdescription" extra="true">
   <text>2001  ·  128-bit Console</text>
  </text>
  <text name="longdescription" extra="true">
   <text>The Nintendo GameCube is the successor to the Nintendo 64 and is the first Nintendo console to use optical discs as its primary storage medium</text>
  </text>
 </view>
</theme>
