<theme>
<formatVersion>3</formatVersion>
<include>./../theme.xml</include>

<!-- Sega Genesis - 4th gen, August 14th 1989 -->
<!-- Normal: 226acc -->
<!-- Light : 79a8e9 -->
<!-- Dark  : 113463 -->

<view name="system, basic, detailed">
	
	<image name="logo">
		<path>./logo.svg</path>
	</image>
	
	<helpsystem name="help">
		<textColor>113463</textColor>
		<iconColor>113463</iconColor>
	</helpsystem>
	
</view>

<view name="system">
	
	<image name="background" extra="true">
		<path>./bg.jpg</path>
	</image>
	
	<image name="gc" extra="true">
		<path>./gc.png</path>
	</image>
	
	<text name="year" extra="true">
		<color>79a8e9</color>
		<text>4th gen, August 14th 1989</text>
	</text>
	
</view>

<view name="basic, detailed">
	
	<image name="background">
		<color>226acc</color>
	</image>
	
	<text name="md_lbl_rating, md_lbl_releasedate, md_lbl_developer, md_lbl_publisher, md_lbl_genre, md_lbl_players, md_lbl_lastplayed, md_lbl_playcount, md_developer, md_publisher, md_genre, md_players, md_playcount, md_description">
		<color>79a8e9</color>
	</text>
		<rating name="md_rating">
		<filledPath>./star_filled.svg</filledPath>
		<unfilledPath>./star_unfilled.svg</unfilledPath>
	</rating>
	
	<datetime name="md_releasedate, md_lastplayed">
		<color>79a8e9</color>
	</datetime>
	
	<textlist name="gamelist">
		<selectorColor>79a8e9</selectorColor>
		<selectedColor>000000</selectedColor>
		<primaryColor>79a8e9</primaryColor>
		<secondaryColor>79a8e9</secondaryColor>
	</textlist>
	
</view>

<view name="basic">
	
</view>

<view name="detailed">
	
	<image name="npi" extra="true">
		<color>79a8e9cc</color>
	</image>
	
</view>
	
</theme>