<theme>
<formatVersion>4</formatVersion>
<include>./../theme.xml</include>

<view name="basic, detailed, video, grid">
  <text name="nameLabel" extra="true">
    <text>Atari Jaguar</text>
  </text>
</view>    

<view name="system">
  <text name="sys_line1" extra="true">
    <text>Atari</text>
    <fontSize>0.048</fontSize>
    <origin>0 0</origin>
    <pos>0.12 0.142</pos>
    <size>0 0</size>
  </text>
  <text name="sys_line2" extra="true">
    <text>Jaguar</text>
    <fontSize>0.18</fontSize>
    <origin>0 0</origin>
    <pos>0.12 0.16</pos>
    <size>0 0</size>
</text>
  <text name="shortdescription" extra="true">
   <text>1993  ·  64-bit Console</text>
  </text>
  <text name="longdescription" extra="true">
   <text>Sixth and last programmable console to be developed under the Atari brand, Atari marketed the Jaguar as being the first 64-bit video game console</text>
  </text>
 </view>
</theme>
