<theme>
<formatVersion>4</formatVersion>
<include>./../theme.xml</include>

<view name="basic, detailed, video, grid">
    <text name="nameLabel" extra="true">
    <text>Atari 5200</text>
  </text>
</view>    

<view name="system">
  <text name="sys_line2" extra="true">
    <text>Atari 5200</text>
    <fontSize>0.18</fontSize>
    <origin>0 0</origin>
    <pos>0.12 0.130</pos>
    <size>0 0</size>
  </text>    
  <text name="shortdescription" extra="true">
   <text>1982  ·  8-bit Console</text>
  </text>
  <text name="longdescription" extra="true">
   <text>Home video game console that was introduced as a higher-end complementary console for the popular Atari 2600</text>
  </text>
 </view>
</theme>
