<theme>
<formatVersion>4</formatVersion>
<include>./../theme.xml</include>

<view name="basic, detailed, video, grid">
  <text name="nameLabel" extra="true">
    <text>Famicom Disk System</text>
  </text>
</view>    

<view name="system">
  <text name="sys_line1" extra="true">
    <text>Famicom</text>
    <fontSize>0.048</fontSize>
    <origin>0 0</origin>
    <pos>0.12 0.142</pos>
    <size>0 0</size>
  </text>
  <text name="sys_line2" extra="true">
    <text>Disk System</text>
    <fontSize>0.18</fontSize>
    <origin>0 0</origin>
    <pos>0.12 0.16</pos>
    <size>0 0</size>
</text>
  <text name="shortdescription" extra="true">
   <text>1986  ·  8-bit Console</text>
  </text>
  <text name="longdescription" extra="true">
   <text>The Family Computer (also known by the portmanteau abbreviation Famicom) was the Japanese version of the Nintendo Entertainment System</text>
  </text>
 </view>
</theme>
