<?xml version="1.0" encoding="UTF-8"?>
<!--
theme name:		Fundamental
version:		2.0
author:			Grila
-->

<theme>
	<formatVersion>4</formatVersion>
	<include>./colors.xml</include>
	
	<view name="system, basic, detailed, grid, video">
		<image name="background" extra="true">
			<path>./core/images/bg.jpg</path>
			<origin>0 0</origin>
			<pos>0 0</pos>
			<size>1 1</size>
			<color>${mainThemeColor}</color>
			<zIndex>0</zIndex>
		</image>
		
		<helpsystem name="help">
			<textColor>${metaTextColor}</textColor>
			<iconColor>${metaTextColor}</iconColor>
			<fontPath>./core/fonts/BebasKai-Regular.otf</fontPath>
			<fontSize>0.0333333333333333</fontSize>
		</helpsystem>
	</view>

	<view name="system">
		<helpsystem name="help">
			<pos>0.015625 0.962962962962963</pos>
		</helpsystem>
	</view>

	<feature supported="carousel">
		<view name="system">
			<image name="ui" extra="true">
				<path>./core/images/carousel_detailed_video_view.png</path>
				<origin>0 0</origin>
				<pos>0 0</pos>
				<size>1 1</size>
				<color>${mainThemeColor}</color>
			</image>
		
			<helpsystem name="help">
				<pos>0.265625 0.962962962962963</pos>
			</helpsystem>
			
			<carousel name="systemcarousel">
				<type>vertical</type>
				<pos>0 0</pos>
				<size>0.25 1</size>
				<color>00000000</color>
				<logoScale>1.3</logoScale>
				<logoSize>0.125 0.160</logoSize>
				<maxLogoCount>5</maxLogoCount>
			</carousel>
			
			<text name="console_name" extra="true">
				<text>${system.fullName}</text>
				<fontPath>./core/fonts/BebasKai-Regular.otf</fontPath>
				<fontSize>0.0740740740740741</fontSize>
				<pos>0.265625 0.0277777777777778</pos>
				<size>0.71875 0.0648148148148148</size>
				<alignment>left</alignment>
				<color>${titleTextColor}</color>
			</text>
			
			<text name="systemInfo">
				<fontPath>./core/fonts/BebasKai-Regular.otf</fontPath>
				<fontSize>0.0333333333333333</fontSize>
				<pos>0.265625 0.0925925925925926</pos>
				<size>0.71875 0.0277777777777778</size>
				<backgroundColor>00000000</backgroundColor>
				<alignment>left</alignment>
				<color>${metaTextColor}</color>
			</text>
			
			<image name="console" extra="true">
				<origin>0.5 0.5</origin>
				<pos>0.8072916666666667 0.3888888888888889</pos>
				<maxSize>0.3333333333333333 0.4444444444444444</maxSize>
			</image>
			
			<text name="console_notes" extra="true">
				<fontPath>./core/fonts/segoeuil.ttf</fontPath>
				<fontSize>0.0277777777777778</fontSize>
				<pos>0.265625 0.6388888888888889</pos>	
				<size>0.71875 0</size>
				<alignment>left</alignment>
				<color>${metaTextColor}</color>
				<lineSpacing>1.17</lineSpacing>
			</text>
			
			<text name="release_date" extra="true">
				<fontPath>./core/fonts/BebasKai-Regular.otf</fontPath>
				<fontSize>0.0333333333333333</fontSize>
				<pos>0.265625 0.2037037037037037</pos>	
				<size>0.3489583333333333 0.037037037037037</size>
				<alignment>left</alignment>
				<color>${metaTextColor}</color>
				<lineSpacing>1.5</lineSpacing>
			</text>
			
			<text name="developer" extra="true">
				<fontPath>./core/fonts/BebasKai-Regular.otf</fontPath>
				<fontSize>0.0333333333333333</fontSize>
				<pos>0.265625 0.2592592592592593</pos>	
				<size>0.3489583333333333 0.037037037037037</size>
				<alignment>left</alignment>
				<color>${metaTextColor}</color>
				<lineSpacing>1.5</lineSpacing>
			</text>
			
			<text name="cpu" extra="true">
				<fontPath>./core/fonts/BebasKai-Regular.otf</fontPath>
				<fontSize>0.0333333333333333</fontSize>
				<pos>0.265625 0.3148148148148148</pos>	
				<size>0.3489583333333333 0.037037037037037</size>
				<alignment>left</alignment>
				<color>${metaTextColor}</color>
				<lineSpacing>1.5</lineSpacing>
			</text>
			
			<text name="memory" extra="true">
				<fontPath>./core/fonts/BebasKai-Regular.otf</fontPath>
				<fontSize>0.0333333333333333</fontSize>
				<pos>0.265625 0.3703703703703704</pos>	
				<size>0.3489583333333333 0.037037037037037</size>
				<alignment>left</alignment>
				<color>${metaTextColor}</color>
				<lineSpacing>1.5</lineSpacing>
			</text>
			
			<text name="graphics" extra="true">
				<fontPath>./core/fonts/BebasKai-Regular.otf</fontPath>
				<fontSize>0.0333333333333333</fontSize>
				<pos>0.265625 0.4259259259259259</pos>	
				<size>0.3489583333333333 0.037037037037037</size>
				<alignment>left</alignment>
				<color>${metaTextColor}</color>
				<lineSpacing>1.5</lineSpacing>
			</text>
			
			<text name="sound" extra="true">
				<fontPath>./core/fonts/BebasKai-Regular.otf</fontPath>
				<fontSize>0.0333333333333333</fontSize>
				<pos>0.265625 0.4814814814814815</pos>	
				<size>0.3489583333333333 0.037037037037037</size>
				<alignment>left</alignment>
				<color>${metaTextColor}</color>
				<lineSpacing>1.5</lineSpacing>
			</text>
			
			<text name="media" extra="true">
				<fontPath>./core/fonts/BebasKai-Regular.otf</fontPath>
				<fontSize>0.0333333333333333</fontSize>
				<pos>0.265625 0.537037037037037</pos>	
				<size>0.3489583333333333 0.037037037037037</size>
				<alignment>left</alignment>
				<color>${metaTextColor}</color>
				<lineSpacing>1.5</lineSpacing>
			</text>
		</view>
	</feature>
	
	<view name="basic">
		<image name="ui" extra="true">
			<path>./core/images/basic_view.png</path>
			<origin>0 0</origin>
			<pos>0 0</pos>
			<size>1 1</size>
			<color>${mainThemeColor}</color>
		</image>
	
		<helpsystem name="help">
			<pos>0.015625 0.962962962962963</pos>
		</helpsystem>
		
		<image name="logo">
			<origin>0.5 0.5</origin>
			<pos>0.5 0.1203703703703704</pos>
			<maxSize>0.4791666666666667 0.1481481481481481</maxSize>
		</image>
		
		<textlist name="gamelist">
			<selectorColor>${titleTextColor}</selectorColor>
			<selectedColor>${metaTextColor}</selectedColor>
			<primaryColor>${metaTextColor}</primaryColor>
			<secondaryColor>${metaTextColor}</secondaryColor>
			<fontPath>./core/fonts/BebasKai-Regular.otf</fontPath>
			<pos>0.25 0.212962962962963</pos>
			<size>0.5 0.7222222222222222</size>
			<fontSize>0.0333333333333333</fontSize>
		</textlist>
	</view>
	
	<view name="detailed, video">
		<image name="ui" extra="true">
			<path>./core/images/carousel_detailed_video_view.png</path>
			<origin>0 0</origin>
			<pos>0 0</pos>
			<size>1 1</size>
			<color>${mainThemeColor}</color>
			<zIndex>1</zIndex>
		</image>
		
		<helpsystem name="help">
			<pos>0.265625 0.962962962962963</pos>
		</helpsystem>
		
		<textlist name="gamelist">
			<selectorColor>${titleTextColor}</selectorColor>
			<selectedColor>${metaTextColor}</selectedColor>
			<primaryColor>${metaTextColor}</primaryColor>
			<secondaryColor>${metaTextColor}</secondaryColor>
			<fontPath>./core/fonts/BebasKai-Regular.otf</fontPath>
			<pos>0 0.0277777777777778</pos>
			<size>0.25 0.9444444444444444</size>
			<fontSize>0.0333333333333333</fontSize>
			<horizontalMargin>0.0026041666666667</horizontalMargin>
		</textlist>
		
		<image name="logo">
			<origin>0.5 0.5</origin>
			<pos>2 2</pos>
			<maxSize>0.1 0.1</maxSize>
		</image>
		
		<text name="md_lbl_rating">
			<pos>2 2</pos>
		</text>
		
		<text name="md_lbl_lastplayed, md_lbl_genre, md_lbl_players, md_lbl_rating, md_lbl_releasedate, md_lbl_developer, md_lbl_publisher, md_lbl_playcount">
			<fontPath>./core/fonts/BebasKai-Regular.otf</fontPath>
			<fontSize>0.0333333333333333</fontSize>
			<alignment>left</alignment>
			<color>${metaTextColor}</color>
		</text>
		
		<text name="md_genre, md_players, md_developer, md_publisher, md_playcount">
			<fontPath>./core/fonts/BebasKai-Regular.otf</fontPath>
			<fontSize>0.0333333333333333</fontSize>
			<alignment>left</alignment>
			<color>${metaTextColor}</color>
		</text>
		
		<datetime name="md_lastplayed, md_releasedate">
			<fontPath>./core/fonts/BebasKai-Regular.otf</fontPath>
			<fontSize>0.0333333333333333</fontSize>
			<color>${metaTextColor}</color>
		</datetime>
		
		<text name="md_description">
			<fontPath>./core/fonts/segoeuil.ttf</fontPath>
			<fontSize>0.0277777777777778</fontSize>
			<pos>0.265625 0.6388888888888889</pos>	
			<size>0.71875 0.2962962962962963</size>
			<alignment>left</alignment>
			<color>${metaTextColor}</color>
			<lineSpacing>1.17</lineSpacing>
		</text>
		
		<text name="md_lbl_releasedate">
			<pos>0.265625 0.2037037037037037</pos>
			<size>0.0677083333333333 0.037037037037037</size>
		</text>
		
		<datetime name="md_releasedate">
			<pos>0.3333333333333333 0.2037037037037037</pos>
			<size>0.28125 0.037037037037037</size>
		</datetime>
		
		<text name="md_lbl_developer">
			<pos>0.265625 0.2592592592592593</pos>
			<size>0.078125 0.037037037037037</size>
		</text>
		
		<text name="md_developer">
			<pos>0.34375 0.2592592592592593</pos>
			<size>0.2708333333333333 0.037037037037037</size>
		</text>
		
		<text name="md_lbl_publisher">
			<pos>0.265625 0.3148148148148148</pos>
			<size>0.0729166666666667 0.037037037037037</size>
		</text>
		
		<text name="md_publisher">
			<pos>0.3385416666666667 0.3148148148148148</pos>
			<size>0.2760416666666667 0.037037037037037</size>
		</text>
		
		<text name="md_lbl_genre">
			<pos>0.265625 0.3703703703703704</pos>
			<size>0.046875 0.037037037037037</size>
		</text>
		
		<text name="md_genre">
			<pos>0.3125 0.3703703703703704</pos>
			<size>0.3020833333333333 0.037037037037037</size>
		</text>
		
		<text name="md_lbl_players">
			<pos>0.265625 0.4259259259259259</pos>
			<size>0.0625 0.037037037037037</size>
		</text>
		
		<text name="md_players">
			<pos>0.328125 0.4259259259259259</pos>
			<size>0.2864583333333333 0.037037037037037</size>
		</text>
		
		<text name="md_lbl_lastplayed">
			<pos>0.265625 0.4814814814814815</pos>
			<size>0.0885416666666667 0.037037037037037</size>
		</text>
		
		<datetime name="md_lastplayed">
			<pos>0.3541666666666667 0.4814814814814815</pos>
			<size>0.2604166666666667 0.037037037037037</size>
		</datetime>
		
		<text name="md_lbl_playcount">
			<pos>0.265625 0.537037037037037</pos>
			<size>0.09375 0.037037037037037</size>
		</text>
		
		<text name="md_playcount">
			<pos>0.359375 0.537037037037037</pos>
			<size>0.2552083333333333 0.037037037037037</size>
		</text>
		
		<rating name="md_rating">
			<pos>0.6770833333333333 0.0277777777777778</pos>
			<size>0 0.0925925925925926</size>
			<filledPath>./core/images/filled.png</filledPath>
			<unfilledPath>./core/images/unfilled.png</unfilledPath>
		</rating>
	</view>
	
	<view name="detailed">
		<image name="md_image">
			<origin>0.5 0.5</origin>
			<pos>0.8072916666666667 0.3888888888888889</pos>
			<maxSize>0.3333333333333333 0.4444444444444444</maxSize>
		</image>
	</view>
	
	<feature supported="video">
		<view name="video">
			<video name="md_video">
				<origin>0.5 0.5</origin>
				<pos>0.8072916666666667 0.3888888888888889</pos>
				<maxSize>0.3333333333333333 0.4444444444444444</maxSize>
				<default>./core/images/static.mp4</default>
				<delay>0.1</delay>
				<showSnapshotNoVideo>false</showSnapshotNoVideo>
				<showSnapshotDelay>false</showSnapshotDelay>
				<zIndex>3</zIndex>
			</video>
			
			<image name="md_marquee">
				<origin>0.5 0.5</origin>
				<pos>0.4401041666666667 0.0833333333333333</pos>
				<maxSize>0.3489583333333333 0.1111111111111111</maxSize>
			</image>
		</view>
	</feature>
</theme>