<theme>
<formatVersion>3</formatVersion>
<include>./../theme.xml</include>

<!-- GCE Vectrex - 2nd gen, November 1982 -->
<!-- Normal: 0b0d9e -->
<!-- Light : 575bf1 -->
<!-- Dark  : 04052e -->

<view name="system, basic, detailed">
	
	<image name="logo">
		<path>./logo.svg</path>
	</image>
	
	<helpsystem name="help">
		<textColor>04052e</textColor>
		<iconColor>04052e</iconColor>
	</helpsystem>
	
</view>

<view name="system">
	
	<image name="background" extra="true">
		<path>./bg.jpg</path>
	</image>
	
	<image name="gc" extra="true">
		<path>./gc.png</path>
	</image>
	
	<text name="year" extra="true">
		<color>575bf1</color>
		<text>2nd gen, November 1982</text>
	</text>
	
</view>

<view name="basic, detailed">
	
	<image name="background">
		<color>0b0d9e</color>
	</image>
	
	<text name="md_lbl_rating, md_lbl_releasedate, md_lbl_developer, md_lbl_publisher, md_lbl_genre, md_lbl_players, md_lbl_lastplayed, md_lbl_playcount, md_developer, md_publisher, md_genre, md_players, md_playcount, md_description">
		<color>575bf1</color>
	</text>
		<rating name="md_rating">
		<filledPath>./star_filled.svg</filledPath>
		<unfilledPath>./star_unfilled.svg</unfilledPath>
	</rating>
	
	<datetime name="md_releasedate, md_lastplayed">
		<color>575bf1</color>
	</datetime>
	
	<textlist name="gamelist">
		<selectorColor>575bf1</selectorColor>
		<selectedColor>000000</selectedColor>
		<primaryColor>575bf1</primaryColor>
		<secondaryColor>575bf1</secondaryColor>
	</textlist>
	
</view>

<view name="basic">
	
</view>

<view name="detailed">
	
	<image name="npi" extra="true">
		<color>575bf1cc</color>
	</image>
	
</view>
	
</theme>