<theme>
<formatVersion>3</formatVersion>
<include>./../theme.xml</include>

<!-- Commodore Amiga - July 1985 -->
<!-- Normal: e13e28 -->
<!-- Light : f09990 -->
<!-- Dark  : 731a11 -->

<view name="system, basic, detailed">
	
	<image name="logo">
		<path>./logo.svg</path>
	</image>
	
	<helpsystem name="help">
		<textColor>731a11</textColor>
		<iconColor>731a11</iconColor>
	</helpsystem>
	
</view>

<view name="system">
	
	<image name="background" extra="true">
		<path>./bg.jpg</path>
	</image>
	
	<image name="gc" extra="true">
		<path>./gc.png</path>
	</image>
	
	<text name="year" extra="true">
		<color>f09990</color>
		<text>July 1985</text>
	</text>
	
</view>

<view name="basic, detailed">
	
	<image name="background">
		<color>e13e28</color>
	</image>
	
	<text name="md_lbl_rating, md_lbl_releasedate, md_lbl_developer, md_lbl_publisher, md_lbl_genre, md_lbl_players, md_lbl_lastplayed, md_lbl_playcount, md_developer, md_publisher, md_genre, md_players, md_playcount, md_description">
		<color>f09990</color>
	</text>
		<rating name="md_rating">
		<filledPath>./star_filled.svg</filledPath>
		<unfilledPath>./star_unfilled.svg</unfilledPath>
	</rating>
	
	<datetime name="md_releasedate, md_lastplayed">
		<color>f09990</color>
	</datetime>
	
	<textlist name="gamelist">
		<selectorColor>f09990</selectorColor>
		<selectedColor>000000</selectedColor>
		<primaryColor>f09990</primaryColor>
		<secondaryColor>f09990</secondaryColor>
	</textlist>
	
</view>

<view name="basic">
	
</view>

<view name="detailed">
	
	<image name="npi" extra="true">
		<color>f09990cc</color>
	</image>
	
</view>
	
</theme>