<theme>
<formatVersion>3</formatVersion>
<include>./../theme.xml</include>

<!-- Kodi | Open Source Home Theatre Software -->
<!-- Normal: 31afe1 -->
<!-- Light : abe0f3 -->
<!-- Dark  : 0f5065 -->

<view name="system, basic, detailed">
	
	<image name="logo">
		<path>./logo.svg</path>
	</image>
	
	<helpsystem name="help">
		<textColor>0f5065</textColor>
		<iconColor>0f5065</iconColor>
	</helpsystem>
	
</view>

<view name="system">
	
	<image name="background" extra="true">
		<path>./bg.jpg</path>
	</image>
	
	<image name="gc" extra="true">
		<path>./gc.png</path>
	</image>
	
	<text name="year" extra="true">
		<color>abe0f3</color>
		<text></text>
	</text>
	
</view>

<view name="basic, detailed">
	
	<image name="background">
		<color>31afe1</color>
	</image>
	
	<text name="md_lbl_rating, md_lbl_releasedate, md_lbl_developer, md_lbl_publisher, md_lbl_genre, md_lbl_players, md_lbl_lastplayed, md_lbl_playcount, md_developer, md_publisher, md_genre, md_players, md_playcount, md_description">
		<color>abe0f3</color>
	</text>
		<rating name="md_rating">
		<filledPath>./star_filled.svg</filledPath>
		<unfilledPath>./star_unfilled.svg</unfilledPath>
	</rating>
	
	<datetime name="md_releasedate, md_lastplayed">
		<color>abe0f3</color>
	</datetime>
	
	<textlist name="gamelist">
		<selectorColor>abe0f3</selectorColor>
		<selectedColor>000000</selectedColor>
		<primaryColor>abe0f3</primaryColor>
		<secondaryColor>abe0f3</secondaryColor>
	</textlist>
	
</view>

<view name="basic">
	
</view>

<view name="detailed">
	
	<image name="npi" extra="true">
		<color>abe0f3cc</color>
	</image>
	
</view>
	
</theme>