<theme>
    <formatVersion>3</formatVersion>
    <include>./../carbon.xml</include>

	<view name="system">

		<image name="background" extra="true">
			<tile>true</tile>
			<pos>0 0</pos>
			<origin>0 0</origin>
			<size>1 1</size>
			<path>./../art/carbon_fiber.png</path>
		</image>
		
		<image name="overlay" extra="true">
			<tile>false</tile>
			<pos>0.5 0.2</pos>
			<origin>0.5 0.5</origin>
			<size>0.3 0</size>
			<path>./art/controller.svg</path>
			<color>8b0000</color>
		</image>
		
		<image name="bottom" extra="true">
			<pos>0 1</pos>
			<origin>0 1</origin>
			<size>1 0.060</size>
			<path>./../art/system_bottom.png</path>
		</image> 
		
		<image name="logo">
			<path>./art/system.svg</path>
        </image>
		
	</view>

	<view name="basic, detailed">

		<image name="logo">
			<path>./art/system.svg</path>
			<pos>0.025 0.0775</pos>
			<maxSize>0.55 0.1</maxSize>
			<origin>0 0.5</origin>
		</image>
		
		<image name="background" extra="true">
			<tile>true</tile>
			<pos>0 0</pos>
			<origin>0 0</origin>
			<size>1 1</size>
			<path>./../art/carbon_fiber.png</path>
		</image>
		
		<image name="logo2" extra="true">
			<path>./art/controller.svg</path>
			<pos>0.78 0.0775</pos>
			<maxSize>0.7 0.15</maxSize>
			<origin>0 0.5</origin>
		</image>
		
		<image name="bottom" extra="true">
			<pos>0 1</pos>
			<origin>0 1</origin>
			<size>1 0.065</size>
			<path>./../art/bottom.png</path>
		</image> 

		<image name="top" extra="true">
			<pos>0 0</pos>
			<origin>0 0</origin>
			<size>1 0.16</size>
			<path>./../art/top.png</path>
		</image> 
		
	</view>

	<view name="basic">
	
		<textlist name="gamelist">
			<pos>0.025 0.18</pos>
			<size>0.950 0.72</size>
			<alignment>center</alignment>
			<horizontalMargin>0.01</horizontalMargin>
			<forceUppercase>1</forceUppercase>
		</textlist>
		
	</view>

	<view name="detailed">

		<image name="md_image">
			<pos>0.025 0.22</pos>
			<maxSize>0.245 0.301</maxSize>
			<origin>0 0</origin>
		</image>
		
		<text name="md_lbl_rating">
			<pos>0.292 0.21</pos>
		</text>
		
		<text name="md_lbl_releasedate">
			<pos>0.292 0.25</pos>
		</text>
		
		<text name="md_lbl_developer">
			<pos>0.292 0.29</pos>
			<size>0.133 0.04</size>
		</text>

		<text name="md_lbl_publisher">
			<pos>0.292 0.33</pos>
			<size>0.133 0.04</size>
		</text>
		
		<text name="md_lbl_genre">
			<pos>0.292 0.37</pos>
		</text>
		
		<text name="md_lbl_players">
			<pos>0.292 0.41</pos>
		</text>

		<text name="md_lbl_lastplayed">
			<pos>0.292 0.45</pos>
		</text>

		<text name="md_lbl_playcount">
			<pos>0.292 0.49</pos>
		</text>
		
		<text name="md_playcount">
			<pos>0.425 0.49</pos>
		</text>

		<datetime name="md_lastplayed">
			<pos>0.425 0.45</pos>
		</datetime>
		
		<text name="md_players">
			<pos>0.425 0.41</pos>
		</text>
		
		<text name="md_genre">
			<pos>0.425 0.37</pos>
		</text>

		<text name="md_publisher">
			<pos>0.425 0.33</pos>
		</text>
		
		<text name="md_developer">
			<pos>0.425 0.29</pos>
		</text>
		
		<datetime name="md_releasedate">
			<pos>0.425 0.25</pos>
		</datetime>
		
		<rating name="md_rating">
			<pos>0.425 0.216</pos>
			<size>0.028 0.028</size>
			<filledPath>./../art/star_filled_spacing.svg</filledPath>
			<unfilledPath>./../art/star_hollow_3_spacing.svg</unfilledPath>
		</rating>
		
		<text name="md_description">
			<size>0.52 0.3</size>
			<pos>0.025 0.577</pos>
		</text>
		
		<textlist name="gamelist">
			<pos>0.615 0.22</pos>
			<size>0.359 0.70</size>
			<forceUppercase>1</forceUppercase>
			<alignment>left</alignment>
			<horizontalMargin>0.01</horizontalMargin>
		</textlist>

	</view>
	
</theme>