<theme>
<formatVersion>4</formatVersion>
<include>./../theme.xml</include>

<view name="basic, detailed, video, grid">
  <text name="nameLabel" extra="true">
    <text>Sega Dreamcast</text>
  </text>
</view>    

<view name="system">
  <text name="sys_line1" extra="true">
    <text>Sega</text>
    <fontSize>0.048</fontSize>
    <origin>0 0</origin>
    <pos>0.12 0.142</pos>
    <size>0 0</size>
  </text>
  <text name="sys_line2" extra="true">
    <text>Dreamcast</text>
    <fontSize>0.18</fontSize>
    <origin>0 0</origin>
    <pos>0.12 0.16</pos>
    <size>0 0</size>
</text>
  <text name="shortdescription" extra="true">
   <text>1998  ·  128-bit Console</text>
  </text>
  <text name="longdescription" extra="true">
   <text>The Dreamcast was Sega's final home console, marking the end of the company's 18 years in the console market</text>
  </text>
 </view>
</theme>
