<?xml version="1.0" encoding="UTF-8"?>
<!--
theme name:		Fundamental (megadrive)
version:		2.0
author:			Grila
-->

<theme>
	<formatVersion>4</formatVersion>
	<include>./../fundamental.xml</include>
	
	<view name="system, basic, detailed, grid, video">
		<image name="logo">
			<path>./logo.png</path>
		</image>
	</view>
	
	<feature supported="carousel">
		<view name="system">	
			<image name="console" extra="true">
				<path>./console.png</path>
			</image>
	
			<text name="console_notes" extra="true">
				<text>The Sega Mega Drive, called the Sega Genesis in North America and Super Gam*Boy (later Super Aladdin Boy) in South Korea, is a cartridge-based video game console developed by Sega in 1988. The Mega Drive is Sega's third home console, following the SG-1000 (including SG-1000 II) and the Sega Master System (Mark III). It was codenamed the Sega Mark V during development and is part of what is now known as the fourth generation of video game consoles. The Mega Drive is Sega's most successful video game console, selling over 40 million units worldwide.</text>
			</text>
		
			<text name="release_date" extra="true">
				<text>Release Date: August 14, 1989</text>
			</text>
			
			<text name="developer" extra="true">
				<text>Developer: Sega</text>
			</text>
			
			<text name="cpu" extra="true">
				<text>CPU: Motorola 68000, Zilog Z80 co-processor</text>
			</text>
			
			<text name="memory" extra="true">
				<text>Memory: 64 KB main RAM and 64 KB video RAM</text>
			</text>
			
			<text name="graphics" extra="true">
				<text>Graphics: Yahama YM7101 VDP</text>
			</text>
			
			<text name="sound" extra="true">
				<text>Sound: Yamaha YM2612, Texas Instruments SN76489A</text>
			</text>
			
			<text name="media" extra="true">
				<text>Media: Cartridge</text>
			</text>
		</view>
	</feature>
	
</theme>