<theme>
    <formatVersion>3</formatVersion>
    <include>./../nostalgic.xml</include>

	<view name="basic, detailed, video">

		<textlist name="gamelist">
			<selectorColor>e40328</selectorColor>
			<selectedColor>000000</selectedColor>
		</textlist>
		
	</view>
	
	<view name="detailed">	
			<pos>0.722 0.455</pos>
			<maxSize>0.300 0.300</maxSize>
			<origin>0.5 0.5</origin>
		</image>
		
	</view>	
	
	<view name="video">

		<video name="md_video">
			<pos>0.722 0.455</pos>
			<maxSize>0.300 0.300</maxSize>
			<origin>0.5 0.5</origin>
			<showSnapshotNoVideo>true</showSnapshotNoVideo>
			<showSnapshotDelay>false</showSnapshotDelay>
			<delay>0</delay>
		</video>
		
	</view>
	
</theme>