<theme>
<formatVersion>3</formatVersion>
<include>./../theme.xml</include>

<!-- Atari 5200 SuperSystem - 2nd gen, November 1982 -->
<!-- Normal: 1c6eb7 -->
<!-- Light : 7cbaea -->
<!-- Dark  : 0c2e4a -->

<view name="system, basic, detailed">
	
	<image name="logo">
		<path>./logo.svg</path>
	</image>
	
	<helpsystem name="help">
		<textColor>0c2e4a</textColor>
		<iconColor>0c2e4a</iconColor>
	</helpsystem>
	
</view>

<view name="system">
	
	<image name="background" extra="true">
		<path>./bg.jpg</path>
	</image>
	
	<image name="gc" extra="true">
		<path>./gc.png</path>
	</image>
	
	<text name="year" extra="true">
		<color>7cbaea</color>
		<text>2nd gen, November 1982</text>
	</text>
	
</view>

<view name="basic, detailed">
	
	<image name="background">
		<color>1c6eb7</color>
	</image>
	
	<text name="md_lbl_rating, md_lbl_releasedate, md_lbl_developer, md_lbl_publisher, md_lbl_genre, md_lbl_players, md_lbl_lastplayed, md_lbl_playcount, md_developer, md_publisher, md_genre, md_players, md_playcount, md_description">
		<color>7cbaea</color>
	</text>
		<rating name="md_rating">
		<filledPath>./star_filled.svg</filledPath>
		<unfilledPath>./star_unfilled.svg</unfilledPath>
	</rating>
	
	<datetime name="md_releasedate, md_lastplayed">
		<color>7cbaea</color>
	</datetime>
	
	<textlist name="gamelist">
		<selectorColor>7cbaea</selectorColor>
		<selectedColor>000000</selectedColor>
		<primaryColor>7cbaea</primaryColor>
		<secondaryColor>7cbaea</secondaryColor>
	</textlist>
	
</view>

<view name="basic">
	
</view>

<view name="detailed">
	
	<image name="npi" extra="true">
		<color>7cbaeacc</color>
	</image>
	
</view>
	
</theme>