<theme>
<formatVersion>3</formatVersion>
<include>./../theme.xml</include>

<!-- Nintendo Game Boy Color - 5th gen, November 18th 1998 -->
<!-- Normal: 8ac140 -->
<!-- Light : bfdd93 -->
<!-- Dark  : 465f1f -->

<view name="system, basic, detailed">
	
	<image name="logo">
		<path>./logo.svg</path>
	</image>
	
	<helpsystem name="help">
		<textColor>465f1f</textColor>
		<iconColor>465f1f</iconColor>
	</helpsystem>
	
</view>

<view name="system">
	
	<image name="background" extra="true">
		<path>./bg.jpg</path>
	</image>
	
	<image name="gc" extra="true">
		<path>./gc.png</path>
	</image>
	
	<text name="year" extra="true">
		<color>bfdd93</color>
		<text>5th gen, November 18th 1998</text>
	</text>
	
</view>

<view name="basic, detailed">
	
	<image name="background">
		<color>8ac140</color>
	</image>
	
	<text name="md_lbl_rating, md_lbl_releasedate, md_lbl_developer, md_lbl_publisher, md_lbl_genre, md_lbl_players, md_lbl_lastplayed, md_lbl_playcount, md_developer, md_publisher, md_genre, md_players, md_playcount, md_description">
		<color>bfdd93</color>
	</text>
		<rating name="md_rating">
		<filledPath>./star_filled.svg</filledPath>
		<unfilledPath>./star_unfilled.svg</unfilledPath>
	</rating>
	
	<datetime name="md_releasedate, md_lastplayed">
		<color>bfdd93</color>
	</datetime>
	
	<textlist name="gamelist">
		<selectorColor>bfdd93</selectorColor>
		<selectedColor>000000</selectedColor>
		<primaryColor>bfdd93</primaryColor>
		<secondaryColor>bfdd93</secondaryColor>
	</textlist>
	
</view>

<view name="basic">
	
</view>

<view name="detailed">
	
	<image name="npi" extra="true">
		<color>bfdd93cc</color>
	</image>
	
</view>
	
</theme>