<theme>
<formatVersion>4</formatVersion>
<include>./../theme.xml</include>

<view name="basic, detailed, video, grid">
    <text name="nameLabel" extra="true">
    <text>Kodi</text>
  </text>
</view>    

<view name="system">
  <text name="sys_line2" extra="true">
    <text>Kodi</text>
    <fontSize>0.18</fontSize>
    <origin>0 0</origin>
    <pos>0.12 0.130</pos>
    <size>0 0</size>
  </text>    
  <text name="shortdescription" extra="true">
   <text>Streaming Video Service</text>
  </text>
  <text name="longdescription" extra="true">
   <text>Kodi is an award-winning free and open source cross-platform software media player and entertainment hub for digital media for HTPCs</text>
  </text>
 </view>
</theme>
