<theme>
<formatVersion>3</formatVersion>
<include>./../theme.xml</include>

<!-- Final Burn Alpha -->
<!-- Normal: fe8234 -->
<!-- Light : ffd4bd -->
<!-- Dark  : b94201 -->

<view name="system, basic, detailed">
	
	<image name="logo">
		<path>./logo.svg</path>
	</image>
	
	<helpsystem name="help">
		<textColor>b94201</textColor>
		<iconColor>b94201</iconColor>
	</helpsystem>
	
</view>

<view name="system">
	
	<image name="background" extra="true">
		<path>./bg.jpg</path>
	</image>
	
	<image name="gc" extra="true">
		<path>./gc.png</path>
	</image>
	
	<text name="year" extra="true">
		<color>ffd4bd</color>
		<text></text>
	</text>
	
</view>

<view name="basic, detailed">
	
	<image name="background">
		<color>fe8234</color>
	</image>
	
	<text name="md_lbl_rating, md_lbl_releasedate, md_lbl_developer, md_lbl_publisher, md_lbl_genre, md_lbl_players, md_lbl_lastplayed, md_lbl_playcount, md_developer, md_publisher, md_genre, md_players, md_playcount, md_description">
		<color>ffd4bd</color>
	</text>
		<rating name="md_rating">
		<filledPath>./star_filled.svg</filledPath>
		<unfilledPath>./star_unfilled.svg</unfilledPath>
	</rating>
	
	<datetime name="md_releasedate, md_lastplayed">
		<color>ffd4bd</color>
	</datetime>
	
	<textlist name="gamelist">
		<selectorColor>ffd4bd</selectorColor>
		<selectedColor>000000</selectedColor>
		<primaryColor>ffd4bd</primaryColor>
		<secondaryColor>ffd4bd</secondaryColor>
	</textlist>
	
</view>

<view name="basic">
	
</view>

<view name="detailed">
	
	<image name="npi" extra="true">
		<color>ffd4bdcc</color>
	</image>
	
</view>
	
</theme>