<theme>
<formatVersion>4</formatVersion>
<include>./../theme.xml</include>

<view name="basic, detailed, video, grid">
    <text name="nameLabel" extra="true">
    <text>Role Playing Genre</text>
  </text>
</view>    

<view name="system">
  <text name="sys_line2" extra="true">
    <text>Role Playing</text>
    <fontSize>0.18</fontSize>
    <origin>0 0</origin>
    <pos>0.12 0.130</pos>
    <size>0 0</size>
  </text>    
  <text name="shortdescription" extra="true">
   <text>Game Genre</text>
  </text>
  <text name="longdescription" extra="true">
   <text>In a role-playing game, the player controls the actions of one or several characters, immersed in an often fantastical world</text>
  </text>
 </view>
</theme>
