<theme>
<formatVersion>3</formatVersion>
<include>./../theme.xml</include>

<!-- Sega Saturn - 5th gen, May 11th 1995 -->
<!-- Normal: 5959c7 -->
<!-- Light : bebfea -->
<!-- Dark  : 272975 -->

<view name="system, basic, detailed">
	
	<image name="logo">
		<path>./logo.svg</path>
	</image>
	
	<helpsystem name="help">
		<textColor>272975</textColor>
		<iconColor>272975</iconColor>
	</helpsystem>
	
</view>

<view name="system">
	
	<image name="background" extra="true">
		<path>./bg.jpg</path>
	</image>
	
	<image name="gc" extra="true">
		<path>./gc.png</path>
	</image>
	
	<text name="year" extra="true">
		<color>bebfea</color>
		<text>5th gen, May 11th 1995</text>
	</text>
	
</view>

<view name="basic, detailed">
	
	<image name="background">
		<color>5959c7</color>
	</image>
	
	<text name="md_lbl_rating, md_lbl_releasedate, md_lbl_developer, md_lbl_publisher, md_lbl_genre, md_lbl_players, md_lbl_lastplayed, md_lbl_playcount, md_developer, md_publisher, md_genre, md_players, md_playcount, md_description">
		<color>bebfea</color>
	</text>
		<rating name="md_rating">
		<filledPath>./star_filled.svg</filledPath>
		<unfilledPath>./star_unfilled.svg</unfilledPath>
	</rating>
	
	<datetime name="md_releasedate, md_lastplayed">
		<color>bebfea</color>
	</datetime>
	
	<textlist name="gamelist">
		<selectorColor>bebfea</selectorColor>
		<selectedColor>000000</selectedColor>
		<primaryColor>bebfea</primaryColor>
		<secondaryColor>bebfea</secondaryColor>
	</textlist>
	
</view>

<view name="basic">
	
</view>

<view name="detailed">
	
	<image name="npi" extra="true">
		<color>bebfeacc</color>
	</image>
	
</view>
	
</theme>