<theme>
<formatVersion>3</formatVersion>
<include>./../theme.xml</include>

<!-- 3DO Interactive Multiplayer - 5th gen, October 4th 1993 -->
<!-- Normal: ffe41b -->
<!-- Light : fff9cd -->
<!-- Dark  : 6a5c00 -->

<view name="system, basic, detailed">
	
	<image name="logo">
		<path>./logo.svg</path>
	</image>
	
	<helpsystem name="help">
		<textColor>6a5c00</textColor>
		<iconColor>6a5c00</iconColor>
	</helpsystem>
	
</view>

<view name="system">
	
	<image name="background" extra="true">
		<path>./bg.jpg</path>
	</image>
	
	<image name="gc" extra="true">
		<path>./gc.png</path>
	</image>
	
	<text name="year" extra="true">
		<color>fff9cd</color>
		<text>5th gen, October 4th 1993</text>
	</text>
	
</view>

<view name="basic, detailed">
	
	<image name="background">
		<color>ffe41b</color>
	</image>
	
	<text name="md_lbl_rating, md_lbl_releasedate, md_lbl_developer, md_lbl_publisher, md_lbl_genre, md_lbl_players, md_lbl_lastplayed, md_lbl_playcount, md_developer, md_publisher, md_genre, md_players, md_playcount, md_description">
		<color>fff9cd</color>
	</text>
		<rating name="md_rating">
		<filledPath>./star_filled.svg</filledPath>
		<unfilledPath>./star_unfilled.svg</unfilledPath>
	</rating>
	
	<datetime name="md_releasedate, md_lastplayed">
		<color>fff9cd</color>
	</datetime>
	
	<textlist name="gamelist">
		<selectorColor>fff9cd</selectorColor>
		<selectedColor>000000</selectedColor>
		<primaryColor>fff9cd</primaryColor>
		<secondaryColor>fff9cd</secondaryColor>
	</textlist>
	
</view>

<view name="basic">
	
</view>

<view name="detailed">
	
	<image name="npi" extra="true">
		<color>fff9cdcc</color>
	</image>
	
</view>
	
</theme>