<theme>
<formatVersion>4</formatVersion>
<include>./../theme.xml</include>

<view name="basic, detailed, video, grid">
  <text name="nameLabel" extra="true">
    <text>Valve Steam</text>
  </text>
</view>    

<view name="system">
  <text name="sys_line1" extra="true">
    <text>Valve</text>
    <fontSize>0.048</fontSize>
    <origin>0 0</origin>
    <pos>0.12 0.142</pos>
    <size>0 0</size>
  </text>
  <text name="sys_line2" extra="true">
    <text>Steam</text>
    <fontSize>0.18</fontSize>
    <origin>0 0</origin>
    <pos>0.12 0.16</pos>
    <size>0 0</size>
</text>
  <text name="shortdescription" extra="true">
   <text>Digital Platform</text>
  </text>
  <text name="longdescription" extra="true">
   <text>Developed by Valve Corporation,  Steam offers digital rights management, multiplayer gaming, video streaming and social networking services</text>
  </text>
 </view>
</theme>
