<theme>
<formatVersion>3</formatVersion>
<include>./../theme.xml</include>

<!-- Nintendo Virtual Boy - 5th gen, August 16th 1995 -->
<!-- Normal: d13f4c -->
<!-- Light : eba9af -->
<!-- Dark  : 5a161c -->

<view name="system, basic, detailed">
	
	<image name="logo">
		<path>./logo.svg</path>
	</image>
	
	<helpsystem name="help">
		<textColor>5a161c</textColor>
		<iconColor>5a161c</iconColor>
	</helpsystem>
	
</view>

<view name="system">
	
	<image name="background" extra="true">
		<path>./bg.jpg</path>
	</image>
	
	<image name="gc" extra="true">
		<path>./gc.png</path>
	</image>
	
	<text name="year" extra="true">
		<color>eba9af</color>
		<text>5th gen, August 16th 1995</text>
	</text>
	
</view>

<view name="basic, detailed">
	
	<image name="background">
		<color>d13f4c</color>
	</image>
	
	<text name="md_lbl_rating, md_lbl_releasedate, md_lbl_developer, md_lbl_publisher, md_lbl_genre, md_lbl_players, md_lbl_lastplayed, md_lbl_playcount, md_developer, md_publisher, md_genre, md_players, md_playcount, md_description">
		<color>eba9af</color>
	</text>
		<rating name="md_rating">
		<filledPath>./star_filled.svg</filledPath>
		<unfilledPath>./star_unfilled.svg</unfilledPath>
	</rating>
	
	<datetime name="md_releasedate, md_lastplayed">
		<color>eba9af</color>
	</datetime>
	
	<textlist name="gamelist">
		<selectorColor>eba9af</selectorColor>
		<selectedColor>000000</selectedColor>
		<primaryColor>eba9af</primaryColor>
		<secondaryColor>eba9af</secondaryColor>
	</textlist>
	
</view>

<view name="basic">
	
</view>

<view name="detailed">
	
	<image name="npi" extra="true">
		<color>eba9afcc</color>
	</image>
	
</view>
	
</theme>