<theme>
    <formatVersion>3</formatVersion>
    <include>./../nostalgic.xml</include>

	<view name="basic, detailed, video">

		<textlist name="gamelist">
			<selectorColor>7a2127</selectorColor>
			<selectedColor>f8cf7e</selectedColor>
		</textlist>
		
	</view>
	
	<view name="detailed">	
		<image name="md_image">
			<pos>0.674 0.450</pos>
			<maxSize>0.220 0.300</maxSize>
			<origin>0.5 0.5</origin>
		</image>
		
	</view>	
		
	<view name="video">

		<video name="md_video">
			<pos>0.674 0.450</pos>
			<maxSize>0.220 0.300</maxSize>
			<origin>0.5 0.5</origin>
			<showSnapshotNoVideo>true</showSnapshotNoVideo>
			<showSnapshotDelay>false</showSnapshotDelay>
			<delay>0</delay>
		</video>

	</view>
	
</theme>