<theme>
    <formatVersion>6</formatVersion>

	<include>./config.xml</include>	

	<view name="system, grid">
	
		<helpsystem name="help">
			<pos>2 2</pos>
		</helpsystem>		
	
		<image name="background" extra="true">
			<pos>0 0</pos>
			<size>1 1</size>
			<path>./art/${style}/background.png</path>
			<color>ffffff</color>
		</image>
		
	</view>
	
	
	
	<view name="system">
	
		<image name="help-image" extra="true">
			<pos>0 1</pos>
			<size>1 0</size>
			<path>./art/help-system.png</path>
			<color>ffffff</color>	
			<origin>0 1</origin>
			<zIndex>100</zIndex>
		</image>
		
		<image name="system-bar" extra="true">
			<pos>0.5 0.45</pos>
			<size>0 0.1037037037037037</size>
			<path>./art/${style}/system-bar.png</path>
			<color>ffffff</color>	
			<origin>0.5 0.5</origin>
			<zIndex>100</zIndex>
		</image>

		<text name="logoText">
			<fontPath>./art/LiberationSerif-Regular.ttf</fontPath>
			<fontSize>0.06</fontSize>
			<color>${logoTextColor}</color>
			<forceUppercase>true</forceUppercase>
			<text>${system.fullName}</text>	
		</text>
		
		<text name="system-name" extra="true">
			<fontPath>./art/LiberationSerif-Regular.ttf</fontPath>
			<fontSize>0.06</fontSize>
			<color>${selectedNameColor}</color>
			<origin>0.5 0.5</origin>
			<pos>0.5 0.45</pos>
			<size>0.725 0.06</size>
			<alignment>center</alignment>
			<forceUppercase>true</forceUppercase>
			<text>${system.fullName}</text>		
			<zIndex>110</zIndex>
		</text>	
		
		<carousel name="systemcarousel">
			<type>vertical</type>
			<color>00000000</color>
			<logoScale>1.5</logoScale>
			<logoSize>0.3625 0.0555555555555556</logoSize>
			<size>1 0.8</size>
			<pos>0.5 0.45</pos>
			<origin>0.5 0.5</origin>
			<maxLogoCount>9</maxLogoCount>
		</carousel>		
		
		<text name="systemInfo">
			<fontPath>./art/TinyUnicode.ttf</fontPath>
			<backgroundColor>00000000</backgroundColor>
			<fontSize>0.0592592592592593</fontSize>
			<size>1 0</size>
			<pos>2 2</pos>
			<color>${systemInfoColor}</color>
			<alignment>right</alignment>
			<origin>0.5 0.5</origin>
			<zIndex>110</zIndex>			
		</text>
		
	</view>

	
	<view name="grid">
	
		
		<imagegrid name="gamegrid">
			<pos>0.0041666666666667 0.2111111111111111</pos>
			<size>0.9916666666666667 0.5777777777777778</size>
			<margin>0.0083333333333333 0.0222222</margin>
			<scrollDirection>horizontal</scrollDirection>
			<folderImage>./art/${style}/folder.png</folderImage>
		</imagegrid>

		<gridtile name="default">
			<size>0.1916666666666667 0.5777777777777778</size>
			<padding>12 140</padding>
			<backgroundImage>./art/${style}/tile.png</backgroundImage>
			<backgroundCornerSize>0 0</backgroundCornerSize>
			<backgroundColor>ffffff</backgroundColor>
			<imageColor>ffffff</imageColor>
		</gridtile>

		<gridtile name="selected">
			<size>0.1916666666666667 0.5777777777777778</size>
			<backgroundImage>./art/${style}/tile-selected.png</backgroundImage>
			<backgroundColor>ffffff</backgroundColor>
		</gridtile>
		
		<image name="title-bar" extra="true">
			<pos>0.5 0.2185185185185185</pos>
			<size>0.5583333333333333 0.0814814814814815</size>
			<path>./art/${style}/title-bar.png</path>
			<color>ffffff</color>	
			<origin>0.5 0.5</origin>
		</image>
		
		<text name="md_name">
			<pos>0.5 0.2185185185185185</pos>
			<size>0.5416666666666667 0.0592592592592593</size>
			<origin>0.5 0.5</origin>
			<fontPath>./art/LiberationSerif-Regular.ttf</fontPath>
			<fontSize>0.04</fontSize>
			<color>${selectedNameColor}</color>
			<forceUppercase>true</forceUppercase>			
		</text>
		
		<text name="logoText">
			<pos>0.5 0.09</pos>
			<size>0.5416666666666667 0.0592592592592593</size>
			<origin>0.5 0.5</origin>
			<fontPath>./art/LiberationSerif-Regular.ttf</fontPath>
			<fontSize>0.075</fontSize>
			<color>${logoTextColor}</color>		
			<forceUppercase>true</forceUppercase>			
		</text>

		<image name="help-image" extra="true">
			<pos>0 1</pos>
			<size>1 0</size>
			<path>./art/help-gamelist.png</path>
			<color>ffffff</color>	
			<origin>0 1</origin>
			<zIndex>100</zIndex>			
		</image>		
		
	</view>

</theme>