<?xml version="1.0" encoding="UTF-8"?>
<!--
theme name:		Fundamental (gbc)
version:		2.0
author:			Grila
-->

<theme>
	<formatVersion>4</formatVersion>
	<include>./../fundamental.xml</include>
	
	<view name="system, basic, detailed, grid, video">
		<image name="logo">
			<path>./logo.png</path>
		</image>
	</view>
	
	<feature supported="carousel">
		<view name="system">	
			<image name="console" extra="true">
				<path>./console.png</path>
			</image>
	
			<text name="console_notes" extra="true">
				<text>The Game Boy Color, (abbreviated as GBC) is a handheld game console manufactured by Nintendo, which was released on October 21, 1998 in Japan and was released in November of the same year in international markets. It is the successor of the Game Boy. The Game Boy Color, as suggested by the name, features a color screen, but no backlight. It is slightly thicker and taller than the Game Boy Pocket, which is a redesigned Game Boy released in 1996. As with the original Game Boy, it has a custom 8-bit processor somewhat related to a Zilog Z80 central processing unit (CPU).</text>
			</text>
		
			<text name="release_date" extra="true">
				<text>Release Date: October 21, 1998</text>
			</text>
			
			<text name="developer" extra="true">
				<text>Developer: Nintendo</text>
			</text>
			
			<text name="cpu" extra="true">
				<text>CPU: Sharp LR35902</text>
			</text>
			
			<text name="memory" extra="true">
				<text>Memory: 32 KB plus 16 KB VRAM</text>
			</text>
			
			<text name="graphics" extra="true">
				<text>Graphics: N/A</text>
			</text>
			
			<text name="sound" extra="true">
				<text>Sound: 4 channel mono</text>
			</text>
			
			<text name="media" extra="true">
				<text>Media: Cartridge</text>
			</text>
		</view>
	</feature>
	
</theme>