<theme>
    <formatVersion>4</formatVersion>
	<include>./../theme.xml</include>
	<include>./../_inc/templates/layout.xml</include>

	<view name="system">

		<image name="background" extra="true">
			<path>./_inc/art.jpg</path>
		</image>

		<image name="logo">
			<path>./_inc/system.svg</path>
        </image>
		
	</view>

	<view name="basic, detailed, video, grid">
		<image name="logo">
			<path>./_inc/system.svg</path>
			<pos>0.5 0.079</pos>
			<maxSize>0.45 0.1</maxSize>
			<origin>0.5 0.5</origin>
		</image>

		<text name="system_name_1" extra="true">
			<text></text>
		</text>
		
		<image name="controller" extra="true">
			<path>./_inc/controller.svg</path>
			<pos>0.040 0.080</pos>
			<maxSize>0.460 0.126</maxSize>
			<origin>0 0.5</origin>
			<color>bbbbbb</color>
		</image>
	</view>

</theme>