<theme>
<formatVersion>4</formatVersion>
<include>./../theme.xml</include>

<view name="basic, detailed, video, grid">
    <text name="nameLabel" extra="true">
    <text>Atari 7800</text>
  </text>
</view>    

<view name="system">
  <text name="sys_line2" extra="true">
    <text>Atari 7800</text>
    <fontSize>0.18</fontSize>
    <origin>0 0</origin>
    <pos>0.12 0.130</pos>
    <size>0 0</size>
  </text>    
  <text name="shortdescription" extra="true">
   <text>1986  ·  8-bit Console</text>
  </text>
  <text name="longdescription" extra="true">
   <text>Almost fully backward-compatible with the Atari 2600, the 7800 was the first console to have backward compatibility without the use of additional modules</text>
  </text>
 </view>
</theme>
