<theme>
    <formatVersion>3</formatVersion>
    <include>./../clarity.xml</include>

	<view name="system">

		<image name="logo">
			<path>./art/system.svg</path>
		</image>

	</view>

	<view name="basic, detailed">

    <image name="logo2" extra="true">
			<path>./art/controller.svg</path>
      <origin>0.5 0.5</origin>
      <pos>0.692 0.47</pos>
			<maxSize>0.28 0.5</maxSize>
			<color>ffffffdd</color>
		</image>

		<image name="logo">
			<path>./art/system-white.svg</path>
			<origin>0.5 0.5</origin>
			<pos>0.191 0.047</pos> <!-- top column positioning (sans origin) -->
			<pos>0.191 0.808</pos> <!-- bottom column positioning -->
			<maxSize>0.285 0.1</maxSize>
			<color>ffffffdd</color>
		</image>

	</view>

	<view name="basic">

		<image name="logo2" extra="true">
			<path>./art/controller.svg</path>
			<pos>0.691 0.51</pos>
			<maxSize>0.35 0.5</maxSize>
		</image>

	</view>

	<view name="detailed">

		<image name="md_image">
			<pos>0.692 0.47</pos>
			<maxSize>0.365 0.65</maxSize>
		</image>

		<rating name="md_rating">
			<pos>0.6275 0.725</pos>
		</rating>

	</view>

</theme>
