<theme>
<formatVersion>4</formatVersion>
<include>./../theme.xml</include>

<view name="basic, detailed, video, grid">
    <text name="nameLabel" extra="true">
    <text>Atari 800</text>
  </text>
</view>    

<view name="system">
  <text name="sys_line2" extra="true">
    <text>Atari 800</text>
    <fontSize>0.18</fontSize>
    <origin>0 0</origin>
    <pos>0.12 0.130</pos>
    <size>0 0</size>
  </text>    
  <text name="shortdescription" extra="true">
   <text>1979  ·  8-bit Computer</text>
  </text>
  <text name="longdescription" extra="true">
   <text>The Atari 8-bit family is a series of 8-bit home computers. All of the machines in the family are technically similar and differ primarily in packaging</text>
  </text>
 </view>
</theme>
