<theme>
	<formatVersion>3</formatVersion>
	<include>./../carbon.xml</include>

	<view name="system">

		<image name="ControllerOverlay" extra="true">
			<tile>false</tile>
			<pos>0.5 0.2</pos>
			<origin>0.5 0.5</origin>
			<size>0.3 0</size>
			<path>./art/controller.svg</path>
			<!--<color>8b0000</color>-->
		</image>

		<image name="logo">
			<path>./art/system.svg</path>
		</image>

	</view>

	<view name="basic,detailed,video">

		<image name="logo">
			<path>./art/system.svg</path>
			<pos>0.038 0.020</pos>
			<maxSize>0.388 0.114</maxSize>
			<origin>0.0 0.0</origin>
		</image>

		<image name="logo2" extra="true">
			<path>./art/controller.svg</path>
			<pos>0.952 0.010</pos>
			<maxSize>0.388 0.134</maxSize>
			<origin>1 0</origin>
			<color>969696</color>
		</image>

	</view>

	<view name="basic">
	</view>

	<view name="detailed">
	</view>

</theme>
