<theme>
<formatVersion>4</formatVersion>
<include>./../theme.xml</include>

<view name="basic, detailed, video, grid">
    <text name="nameLabel" extra="true">
    <text>TurboGrafx CD</text>
  </text>
</view>    

<view name="system">
  <text name="sys_line2" extra="true">
    <text>TurboGrafx CD</text>
    <fontSize>0.18</fontSize>
    <origin>0 0</origin>
    <pos>0.12 0.130</pos>
    <size>0 0</size>
  </text>   
  <text name="shortdescription" extra="true">
   <text>1990  ·  16-bit Console</text>
  </text>
  <text name="longdescription" extra="true">
   <text>Add-on attachment for the TurboGrafx-16. The add-on allows core versions of the console to play TurboGrafx-16 games in CD-ROM format</text>
  </text>
 </view>
</theme>
