<theme>
<formatVersion>4</formatVersion>
<include>./../theme.xml</include>

<view name="basic, detailed, video, grid">
    <text name="nameLabel" extra="true">
    <text>Adventure Genre</text>
  </text>
</view>    

<view name="system">
  <text name="sys_line2" extra="true">
    <text>Adventure</text>
    <fontSize>0.18</fontSize>
    <origin>0 0</origin>
    <pos>0.12 0.130</pos>
    <size>0 0</size>
  </text>    
  <text name="shortdescription" extra="true">
   <text>Game Genre</text>
  </text>
  <text name="longdescription" extra="true">
   <text>In an adventure game the player follows an interactive story, driven by exploration and puzzle-solving</text>
  </text>
 </view>
</theme>
