<theme>
<formatVersion>4</formatVersion>
<include>./../theme.xml</include>

<view name="basic, detailed, video, grid">
    <text name="nameLabel" extra="true">
    <text>Options</text>
  </text>
</view>    

<view name="system">
  <text name="sys_line2" extra="true">
    <text>Options</text>
    <fontSize>0.18</fontSize>
    <origin>0 0</origin>
    <pos>0.12 0.130</pos>
    <size>0 0</size>
  </text> 
  <text name="shortdescription" extra="true">
   <text>System Configuration</text>
  </text>
  <text name="longdescription" extra="true">
   <text>Configure System hardware, Bluetooth & Wi-Fi connections. Install updates, addons and visual themes</text>
  </text>
 </view>
</theme>
