<!-- 
Theme: Carbon
version: 2.0
author: Eric Hettervik (Rookervik)
license: creative commons CC-BY-NC-SA
originally based on: "simple" by nils bonenberger

Element color: Search and replace colors. Do not use spaces
	Red 	8b 00 00
	Blue 	30 82 ce
	Green 	50 d6 2c
	Yellow	ef bc 0b
	Orange	ef 71 0b
	Purple	ac 0b ef
	Teal	04 e9 f7
	Pink	f5 02 97
-->



<theme>
    <formatVersion>3</formatVersion>

	<view name="system">

		<image name="background" extra="true">
			<tile>true</tile>
			<size>1 1</size>
			<pos>0 0</pos>
			<origin>0 0</origin>
			<path>./art/carbon_fiber.png</path>
		</image>

		<helpsystem name="help">
			<textColor>7d7d7d</textColor>
			<iconColor>7d7d7d</iconColor>
		</helpsystem>

		<image name="CenterFade" extra="true">
			<tile>false</tile>
			<size>1 0.5</size>
			<pos>0.5 0.5</pos>
			<origin>0.5 0.5</origin>
			<path>./art/centerfade.png</path>
			<color>8b000050</color>
		</image>

		<image name="BottomBar" extra="true">
			<tile>false</tile>
			<size>1 0.065</size>
			<pos>0 1</pos>
			<origin>0 1</origin>
			<path>./art/bottom.png</path>
			<color>8b0000c0</color>
		</image>

		<image name="ControllerOverlay" extra="true">
			<color>8b0000</color>
		</image>

	</view>

	<view name="basic">

		<image name="background" extra="true">
			<tile>true</tile>
			<pos>0 0</pos>
			<origin>0 0</origin>
			<size>1 1</size>
			<path>./art/carbon_fiber.png</path>
		</image>

		<textlist name="gamelist">
			<selectorColor>1c1c1c</selectorColor>
			<selectedColor>8b0000</selectedColor>
			<primaryColor>969696</primaryColor>
			<secondaryColor>7a6161</secondaryColor>
			<fontPath>./art/Cabin-Bold.ttf</fontPath>
			<fontSize>0.030</fontSize>
			<pos>0.025 0.18</pos>
			<size>0.950 0.72</size>
			<alignment>center</alignment>
			<horizontalMargin>0.01</horizontalMargin>
			<forceUppercase>1</forceUppercase>
			<scrollSound>./art/scroll.wav</scrollSound>
		</textlist>

	</view>

	<view name="detailed">

		<image name="background" extra="true">
			<tile>true</tile>
			<pos>0 0</pos>
			<origin>0 0</origin>
			<size>1 1</size>
			<path>./art/carbon_fiber.png</path>
		</image>

		<image name="md_image">
			<pos>0.5 0.41</pos>
			<maxSize>0.405 0.480</maxSize>
			<origin>0.5 0.5</origin>
		</image>

		<textlist name="gamelist">
			<selectorColor>1c1c1c</selectorColor>
			<selectedColor>8b0000</selectedColor>
			<primaryColor>969696</primaryColor>
			<secondaryColor>7a6161</secondaryColor>
			<fontPath>./art/Cabin-Bold.ttf</fontPath>
			<forceUppercase>1</forceUppercase>
			<pos>0 0.66</pos>
			<size>1 0.26</size>
			<forceUppercase>1</forceUppercase>
			<alignment>center</alignment>
			<horizontalMargin>0.01</horizontalMargin>
			<fontSize>0.03</fontSize>
			<scrollSound>./art/scroll.wav</scrollSound>
		</textlist>

		</view>

	<view name="basic, detailed">

		<text name="md_lbl_rating, md_lbl_releasedate, md_lbl_developer, md_lbl_publisher, md_lbl_genre, md_lbl_players, md_lbl_lastplayed, md_lbl_playcount">
			<pos>1 1</pos>
		</text>

		<text name="md_playcount, md_players, md_genre, md_publisher, md_developer, md_releasedate">
			<pos>1 1</pos>
		</text>

		<image name="bottom" extra="true">
			<pos>0 1</pos>
			<origin>0 1</origin>
			<size>1 0.065</size>
			<path>./art/bottom.png</path>
			<color>8b0000</color>
		</image> 

		<image name="top" extra="true">
			<pos>0 0</pos>
			<origin>0 0</origin>
			<size>1 0.16</size>
			<path>./art/top.png</path>
			<color>8b0000</color>
		</image> 

	</view>

</theme>
