<theme>
<formatVersion>4</formatVersion>
<include>./../theme.xml</include>

<view name="basic, detailed, video, grid">
  <text name="nameLabel" extra="true">
    <text>Sinclair ZX Spectrum</text>
  </text>
</view>    

<view name="system">
  <text name="sys_line1" extra="true">
    <text>Sinclair</text>
    <fontSize>0.048</fontSize>
    <origin>0 0</origin>
    <pos>0.12 0.142</pos>
    <size>0 0</size>
  </text>
  <text name="sys_line2" extra="true">
    <text>ZX Spectrum</text>
    <fontSize>0.18</fontSize>
    <origin>0 0</origin>
    <pos>0.12 0.16</pos>
    <size>0 0</size>
</text>
  <text name="shortdescription" extra="true">
   <text>1982  ·  8-bit Computer</text>
  </text>
  <text name="longdescription" extra="true">
   <text>The Spectrum was among the first mainstream-audience home computers in the UK, similar in significance to the Commodore 64 in the USA</text>
  </text>
 </view>
</theme>
