<theme>
<formatVersion>4</formatVersion>
<include>./../theme.xml</include>

<view name="basic, detailed, video, grid">
  <text name="nameLabel" extra="true">
    <text>Sega Genesis 32x</text>
  </text>
</view>    

<view name="system">

  <text name="sys_line2" extra="true">
    <text>Genesis 32x</text>
    <fontSize>0.18</fontSize>
    <origin>0 0</origin>
    <pos>0.12 0.130</pos>
    <size>0 0</size>
</text>
  <text name="shortdescription" extra="true">
   <text>1994  ·  32-bit Console</text>
  </text>
  <text name="longdescription" extra="true">
   <text>Designed to expand the power of the Genesis and serve as a transitional console into the 32-bit era until the release of the Sega Saturn</text>
  </text>
 </view>
</theme>
