<theme>
<formatVersion>3</formatVersion>
<include>./../theme.xml</include>

<!-- Nintendo DS - 7th gen, November 21st 2004 -->
<!-- Normal: 969696 -->
<!-- Light : e3e3e3 -->
<!-- Dark  : 2d2d2d -->

<view name="system, basic, detailed">
	
	<image name="logo">
		<path>./logo.svg</path>
	</image>
	
	<helpsystem name="help">
		<textColor>2d2d2d</textColor>
		<iconColor>2d2d2d</iconColor>
	</helpsystem>
	
</view>

<view name="system">
	
	<image name="background" extra="true">
		<path>./bg.jpg</path>
	</image>
	
	<image name="gc" extra="true">
		<path>./gc.png</path>
	</image>
	
	<text name="year" extra="true">
		<color>e3e3e3</color>
		<text>7th gen, November 21st 2004</text>
	</text>
	
</view>

<view name="basic, detailed">
	
	<image name="background">
		<color>969696</color>
	</image>
	
	<text name="md_lbl_rating, md_lbl_releasedate, md_lbl_developer, md_lbl_publisher, md_lbl_genre, md_lbl_players, md_lbl_lastplayed, md_lbl_playcount, md_developer, md_publisher, md_genre, md_players, md_playcount, md_description">
		<color>e3e3e3</color>
	</text>
		<rating name="md_rating">
		<filledPath>./star_filled.svg</filledPath>
		<unfilledPath>./star_unfilled.svg</unfilledPath>
	</rating>
	
	<datetime name="md_releasedate, md_lastplayed">
		<color>e3e3e3</color>
	</datetime>
	
	<textlist name="gamelist">
		<selectorColor>e3e3e3</selectorColor>
		<selectedColor>000000</selectedColor>
		<primaryColor>e3e3e3</primaryColor>
		<secondaryColor>e3e3e3</secondaryColor>
	</textlist>
	
</view>

<view name="basic">
	
</view>

<view name="detailed">
	
	<image name="npi" extra="true">
		<color>e3e3e3cc</color>
	</image>
	
</view>
	
</theme>