<theme>
<formatVersion>4</formatVersion>
<include>./../theme.xml</include>

<view name="basic, detailed, video, grid">
    <text name="nameLabel" extra="true">
    <text>MSX</text>
  </text>
</view>    

<view name="system">
  <text name="sys_line2" extra="true">
    <text>MSX</text>
    <fontSize>0.18</fontSize>
    <origin>0 0</origin>
    <pos>0.12 0.130</pos>
    <size>0 0</size>
  </text> 
  <text name="shortdescription" extra="true">
   <text>1983  ·  8-bit Computer</text>
  </text>
  <text name="longdescription" extra="true">
   <text>MSX is a standardized home computer architecture, conceived as an attempt to create unified standards among various hardware makers</text>
  </text>
 </view>
</theme>
