<!--
theme name:		Angular
version:		1.0
author:			Lilbud
email:			bvw20002010@gmail.com
license:		creative commons CC-BY-NC-SA
-->

<theme>
	<formatVersion>4</formatVersion>
	
	<view name="system">
	
		<image name="logo">
			<maxSize>0.21815519765 0.6614583</maxSize>
			<origin>0 0</origin>
			<pos>0.6610541727672036 0.169270831</pos>
		</image>
		
		<image name="background" extra="true">
			<pos>0 0</pos>
			<size>0.6 1</size>
		</image>
		
		<text name="helpsystem" extra="true">		
			<pos>0.7745241581259151 0.95</pos>
			<fontSize>0.03</fontSize>
		</text>
		
	</view>
	
	<view name="system, basic, detailed, video">
		
		<image name="sidebar" extra="true">
			<pos>1.00292825768 0</pos>
			<origin>1 0</origin>	
			<size>0.5 1</size>
		</image>
	
	</view>
	
	<view name="basic">
		
		<image name="none" extra="true">
			<path>./assets/default.png</path>
			<zIndex>69</zIndex>
			<pos>-0.01 0.1</pos>
			<size>0.6 0.8</size>
		</image>
		
	</view>
	
	<view name="detailed, video">
		
		<image name="md_image">
			<pos>0 0</pos>
			<size>0.7 1</size>
		</image>
		
		<image name="md_marquee" extra="true">
			<pos>0.34 0.8828125</pos>
			<maxSize>0.268  0.15625</maxSize>
		</image>
		
		<text name="md_description">
			<fontSize>0.025</fontSize>
			<size>0.365 0.148</size>
			<pos>0.5951683748169839 0.77</pos>					
			<fontSize>0.026</fontSize>		
		</text>
		
		<text name="md_lbl_developer, md_developer, md_lbl_players, md_players, md_lbl_releasedate, md_lbl_rating">
			<fontSize>0.025</fontSize>
		</text> 
<!-------------DEVELOPER----------------->			
		<text name="md_lbl_developer">
			<pos>0.027818448023426062 0.80</pos>
		</text>
		
		<text name="md_developer">
			<pos>0.12 0.793</pos>
		</text>
<!-------------RELEASE------------------->			
		<datetime name="md_releasedate">
			<pos>0.11 0.873</pos>				
			<fontSize>0.025</fontSize>
		</datetime>
		
		<text name="md_lbl_releasedate">
			<pos>0.027818448023426062 0.88</pos>
		</text>
<!-------------PLAYERS------------------->			
		<text name="md_lbl_players">
			<pos>0.027818448023426062 0.84</pos>
		</text>
		
		<text name="md_players">
			<pos>0.1 0.8333</pos>
		</text>
<!-------------RATINGS------------------->				
		<text name="md_lbl_rating">
			<pos>0.027 0.92</pos>
			<origin>0 0</origin>
		</text>
		
		<rating name="md_rating">
			<pos>0.09 0.931</pos>
			<size>0.08 0.02</size>
		</rating>
		
	</view>
	
	<view name="basic, detailed, video">
		
		<image name="logo">
			<pos>0.7745241581259151 0.092447916</pos>		
			<maxSize>0.365 0.13671875</maxSize>
		</image>
		
		<text name="helpsystem" extra="true">
			<pos>0.7745241581259151 0.70</pos>			
			<fontSize>0.025</fontSize>			
		</text>
		
	</view>
	
	<view name="video">
		
		<video name="md_video">
			<pos>0 0</pos>
			<size>0.7 1</size>
		</video>
	
	</view>

</theme>
			
