<theme>
<formatVersion>4</formatVersion>
<include>./../theme.xml</include>

<view name="basic, detailed, video, grid">
    <text name="nameLabel" extra="true">
    <text>Daphne</text>
  </text>
</view>    

<view name="system">
  <text name="sys_line2" extra="true">
    <text>Daphne</text>
    <fontSize>0.18</fontSize>
    <origin>0 0</origin>
    <pos>0.12 0.130</pos>
    <size>0 0</size>
  </text>    
  <text name="shortdescription" extra="true">
   <text>Laserdisc Console</text>
  </text>
  <text name="longdescription" extra="true">
   <text>Converged device and home video game console capable of playing Laserdiscs, Compact Discs, console games, and LD-G karaoke discs</text>
  </text>
 </view>
</theme>
