<theme>
	<formatVersion>4</formatVersion>
	<include>./carbon.xml</include>

	<view name="system">
		<image name="ControllerOverlay" extra="true">
			<tile>false</tile>
			<pos>0.5 0.2</pos>
			<origin>0.5 0.5</origin>
			<size>0.3 0</size>
			<path>./art/controller/${system.theme}.svg</path>
		</image>

		<image name="logo">
			<path>./art/logo/${system.theme}.svg</path>
		</image>

		<text name="logoText">
			<fontPath>./art/Cabin-Bold.ttf</fontPath>
			<color>8b0000</color>
			<forceUppercase>true</forceUppercase>
		</text>
	</view>

	<view name="basic, detailed, video, video">
		<text name="logoText">
			<pos>0.01 0.02</pos>
			<size>0.460 0.126</size>
			<fontSize>0.12</fontSize>
			<fontPath>./art/Cabin-Bold.ttf</fontPath>
			<color>969696</color>
			<forceUppercase>true</forceUppercase>
		</text>
		<image name="logo">
			<path>./art/logo/${system.theme}.svg</path>
			<pos>0.038 0.020</pos>
			<maxSize>0.388 0.114</maxSize>
			<origin>0.0 0.0</origin>
		</image>

		<image name="logo2" extra="true">
			<path>./art/controller/${system.theme}.svg</path>
			<pos>0.952 0.010</pos>
			<maxSize>0.388 0.134</maxSize>
			<origin>1 0</origin>
			<color>969696</color>
		</image>
	</view>
</theme>
