<theme>
<formatVersion>3</formatVersion>
<include>./../theme.xml</include>

<!-- Atari Jaguar - 5th gen, November 15th 1993 -->
<!-- Normal: f17d0a -->
<!-- Light : fcd0a8 -->
<!-- Dark  : 753705 -->

<view name="system, basic, detailed">
	
	<image name="logo">
		<path>./logo.svg</path>
	</image>
	
	<helpsystem name="help">
		<textColor>753705</textColor>
		<iconColor>753705</iconColor>
	</helpsystem>
	
</view>

<view name="system">
	
	<image name="background" extra="true">
		<path>./bg.jpg</path>
	</image>
	
	<image name="gc" extra="true">
		<path>./gc.png</path>
	</image>
	
	<text name="year" extra="true">
		<color>fcd0a8</color>
		<text>5th gen, November 15th 1993</text>
	</text>
	
</view>

<view name="basic, detailed">
	
	<image name="background">
		<color>f17d0a</color>
	</image>
	
	<text name="md_lbl_rating, md_lbl_releasedate, md_lbl_developer, md_lbl_publisher, md_lbl_genre, md_lbl_players, md_lbl_lastplayed, md_lbl_playcount, md_developer, md_publisher, md_genre, md_players, md_playcount, md_description">
		<color>fcd0a8</color>
	</text>
		<rating name="md_rating">
		<filledPath>./star_filled.svg</filledPath>
		<unfilledPath>./star_unfilled.svg</unfilledPath>
	</rating>
	
	<datetime name="md_releasedate, md_lastplayed">
		<color>fcd0a8</color>
	</datetime>
	
	<textlist name="gamelist">
		<selectorColor>fcd0a8</selectorColor>
		<selectedColor>000000</selectedColor>
		<primaryColor>fcd0a8</primaryColor>
		<secondaryColor>fcd0a8</secondaryColor>
	</textlist>
	
</view>

<view name="basic">
	
</view>

<view name="detailed">
	
	<image name="npi" extra="true">
		<color>fcd0a8cc</color>
	</image>
	
</view>
	
</theme>