<theme>
<formatVersion>4</formatVersion>
<include>./../theme.xml</include>

<view name="basic, detailed, video, grid">
  <text name="nameLabel" extra="true">
    <text>Sony Playstation Portable</text>
  </text>
</view>    

<view name="system">

  <text name="sys_line2" extra="true">
    <text>SONY PSP</text>
    <fontSize>0.18</fontSize>
    <origin>0 0</origin>
    <pos>0.12 0.130</pos>
    <size>0 0</size>
</text>
  <text name="shortdescription" extra="true">
   <text>2004  ·  32-bit Handheld Console</text>
  </text>
  <text name="longdescription" extra="true">
   <text>Sony's first handheld, it was also the first real competition to Nintendo handhelds since the Game Gear</text>
  </text>
 </view>
</theme>
