<theme>
<formatVersion>4</formatVersion>
<include>./../theme.xml</include>

<view name="basic, detailed, video, grid">
    <text name="nameLabel" extra="true">
    <text>Custom Collection</text>
  </text>
</view>    

<view name="system">
  <text name="sys_line2" extra="true">
    <text>Custom</text>
    <fontSize>0.18</fontSize>
    <origin>0 0</origin>
    <pos>0.12 0.130</pos>
    <size>0 0</size>
  </text>  
  <text name="shortdescription" extra="true">
   <text>All Consoles / Handhelds</text>
  </text>
  <text name="longdescription" extra="true">
   <text>Access and quickly play games you have added to your custom collections</text>
  </text>
 </view>
</theme>
