<theme>
    <formatVersion>6</formatVersion>

	<variables>
		<style>jazzy</style>
		<logoTextColor>ffffff</logoTextColor>
		<selectedNameColor>ffffff</selectedNameColor>
		<systemInfoColor>ffffff</systemInfoColor>
	</variables>
	
	<view name="grid">
	
		<image name="rectangle" extra="true">
			<pos>0.5 0.0916666666666667</pos>
			<size>1 0.0740740740740741</size>
			<path>./../art/jazzy/pixel.png</path>
			<color>00000066</color>	
			<origin>0.5 0.5</origin>
			<zIndex>25</zIndex>
		</image>	

	</view>
	
</theme>