<theme>
<formatVersion>3</formatVersion>
<include>./../theme.xml</include>

<!-- Famicom Disk System - 3rd gen, February 21st 1986 -->
<!-- Normal: 68000a -->
<!-- Light : ca0013 -->
<!-- Dark  : 320005 -->

<view name="system, basic, detailed">
	
	<image name="logo">
		<path>./logo.svg</path>
	</image>
	
	<helpsystem name="help">
		<textColor>320005</textColor>
		<iconColor>320005</iconColor>
	</helpsystem>
	
</view>

<view name="system">
	
	<image name="background" extra="true">
		<path>./bg.jpg</path>
	</image>
	
	<image name="gc" extra="true">
		<path>./gc.png</path>
	</image>
	
	<text name="year" extra="true">
		<color>ca0013</color>
		<text>3rd gen, February 21st 1986</text>
	</text>
	
</view>

<view name="basic, detailed">
	
	<image name="background">
		<color>68000a</color>
	</image>
	
	<text name="md_lbl_rating, md_lbl_releasedate, md_lbl_developer, md_lbl_publisher, md_lbl_genre, md_lbl_players, md_lbl_lastplayed, md_lbl_playcount, md_developer, md_publisher, md_genre, md_players, md_playcount, md_description">
		<color>ca0013</color>
	</text>
		<rating name="md_rating">
		<filledPath>./star_filled.svg</filledPath>
		<unfilledPath>./star_unfilled.svg</unfilledPath>
	</rating>
	
	<datetime name="md_releasedate, md_lastplayed">
		<color>ca0013</color>
	</datetime>
	
	<textlist name="gamelist">
		<selectorColor>ca0013</selectorColor>
		<selectedColor>000000</selectedColor>
		<primaryColor>ca0013</primaryColor>
		<secondaryColor>ca0013</secondaryColor>
	</textlist>
	
</view>

<view name="basic">
	
</view>

<view name="detailed">
	
	<image name="npi" extra="true">
		<color>ca0013cc</color>
	</image>
	
</view>
	
</theme>